FACTION_PROGRESS_DESC;$WHO$ controls §Y$PERCENT$%§W of the victory points. (Currently $OUR$ out of $TOTAL$).;$WHO$ contrôle §Y$PERCENT$%§W des points de victoire. (Actuellement $OUR$ du $TOTAL$).;$WHO$ kontrolliert §Y$PERCENT$%§W der Siegespunkte. (Momentan $OUR$ von $TOTAL$).;;$WHO$ controla el §Y$PERCENT$%§W de los puntos de victoria. (Actualmente $OUR$ de $TOTAL$).;;;;;;;;;x
CW_WARNALLIES;They are allied with $COUNTRY$.;Ils sont alliés avec $COUNTRY$.;Sie sind alliiert mit $COUNTRY$.;;Se han aliado con $COUNTRY$.;;;;;;;;;x
CW_WARNGUARANTEED;They are guaranteed by $COUNTRY$.;$COUNTRY$ se porte garant pour eux.;Sie haben eine Garantie von $COUNTRY$.;;Están garantizados por $COUNTRY$.;;;;;;;;;x
CW_WARNWARN;We have been warned by $COUNTRY$, so they may intervene.;Nous avons été avertis par $COUNTRY$ ils peuvent donc intervenir.;Wir wurden von $COUNTRY$ gewarnt, also können sie intervenieren.;;Hemos sido advertidos por $COUNTRY$ de que pueden intervenir.;;;;;;;;;x,,,,,,,,,,,,,
CW_WARNALLIES2;$ENEMY$ is allied with $COUNTRY$.;$ENEMY$ est allié avec $COUNTRY$.;$ENEMY$ ist verbündet mit $COUNTRY$.;;$ENEMY$ se ha aliado con $COUNTRY$.;;;;;;;;;x
CW_WARNGUARANTEED2;$ENEMY$ is guaranteed by $COUNTRY$.;$COUNTRY$ se porte garant pour $ENEMY$.;$ENEMY$ ist besitzt eine Garantie von $COUNTRY$.;;$ENEMY$ está garantizado por $COUNTRY$.;;;;;;;;;x
CW_WARNWARN2;$FRIEND$ has been warned by $COUNTRY$, so they may intervene.;$FRIEND$ a été averti par $COUNTRY$, ils peuvent donc intervenir.;$FRIEND$ wurde gewarnt von $COUNTRY$, also könnten sie intervenieren.;;$FRIEND$ ha sido advertido por $COUNTRY$ de que pueden intervenir.;;;;;;;;;x,,,,,,,,,,,,,,
CW_WARNOVERLORD2;$ENEMY$ is a puppet of $COUNTRY$, who will protect them.;$ENEMY$ est un état fantoche de $COUNTRY$ qui les protégera.;$ENEMY$ ist eine Marionette von $COUNTRY$, das sie schützen wird.;;$ENEMY$ es un títere de $COUNTRY$ que los protegerá.;;;;;;;;;x,,,,,,,,,,,,,,,
PW_I_DO;I do;Oui;Ja.;Tak;Yo sí;Sì.;Rendben.;Já ano.;;;;;;x
PW_RUN_AWAY;Rather not;Plutôt pas !;Lieber nicht;Nie;Más bien no;Scappa!;Inkább nem!;Radìji ne;;;;;;x
INDEPENDANT;Independent Nation;Nation indépendante;Unabhängiges Land;Niezale¿ne pañstwo;Nación independiente;Nazione indipendente;Független állam;Nezávislý národ;;;;;;x
VASSAL_SUBJECT;Puppet of $LORD$;Fantoche de $LORD$;Marionette von $LORD$;;Títere de $LORD$;;;;;;;;;x
axis;Axis;Axe;Achse;;El Eje;;;;;;;;;x
allies;Allies;Alliés;Alliierte;;Aliados;;;;;;;;;x
comintern;Comintern;Komintern;Komintern;;Comintern;;;;;;;;;x
suseptibility_axis;Susceptibility to Axis;Propension à rejoindre l'Axe;Neigung zu Achsenmächten;;Susceptibilidad hacia el Eje;;;;;;;;;x
suseptibility_allies;Susceptibility to Allies;Propension à rejoindre les Alliés;Neigung zu Alliierten;;Susceptibilidad hacia los Aliados;;;;;;;;;x
suseptibility_comintern;Susceptibility to Comintern;Propension à rejoindre le Komintern;Neigung zu Komintern;;Susceptibilidad hacia el Comintern;;;;;;;;;x
FACTION_MEMBER_OF;$NAME$ is a $FACTION$ member.;$NAME$ est un membre de $FACTION$.;$NAME$ ist $FACTION$-Mitglied.;;$NAME$ es un miembro de $FACTION$.;;;;;;;;;x
DIP_ALIGNED_DRIFT;$NAME$ is a $FACTION$ member and will not drift.;$NAME$ est un membre de $FACTION$ et ne déviera pas.;$NAME$ ist $FACTION$-Mitglied und wird nicht driften.;;$NAME$ es un miembro de $FACTION$ y no se distanciará.;;;;;;;;;x
NO_DRIFT;$NAME$ is not drifting towards any faction.;$NAME$ ne dérive vers aucune faction.;$NAME$ driftet nicht in Richtung einer Fraktion.;;$NAME$ no se inclina por ninguna facción.;;;;;;;;;x
FACTION_DRIFT_INSTANT;$NAME$ is drifting §Y$VAL$§W towards $FACTION$;$NAME$ dérive de §Y$VAL$§W vers $FACTION$;$NAME$ driftet §Y$VAL$§W Richtung $FACTION$;;$NAME$ se inclina §Y$VAL$§W por $FACTION$.;;;;;;;;;x
FACTION_DRIFT_RELATIONS;§Y$VAL$§W due to relations with faction members;§Y$VAL$§W à cause des relations avec les membres de la faction.;§Y$VAL$§W aufgrund von Beziehungen mit Fraktionsmitgliedern;;§Y$VAL$§W debido a las relaciones con los miembros de la facción.;;;;;;;;;x
FACTION_DRIFT_PROXIMITY;§Y$VAL$§W due to proximity to faction members.;§Y$VAL$§W à cause de la proximité des membres de la faction.;§Y$VAL$§W aufgrund der Nähe zu Fraktionsmitgliedern.;;§Y$VAL$§W debido a la proximidad de los miembros de la facción.;;;;;;;;;x
FACTION_DRIFT_REVANCH;§R-$VAL$§W due to revanchism. (Factionmembers have claims on their territory.);§R-$VAL$§W à cause du revanchisme. (Les membres de la faction ont des revendications sur leurs territoires.);§R-$VAL$§W aufgrund von Revanchismus. (Fraktionsmitglieder erheben Ansprüche auf ihr eigenes Gebiet.);;§R-$VAL$§W debido al revanchismo. (Los miembros de la facción reivindican su territorio).;;;;;;;;;x
FACTION_DRIFT_THREAT;§R-$VAL$§W due to the threat they pose.;§R-$VAL$§W à cause de la menace qu'ils représentent.;§R-$VAL$§W aufgrund der Bedrohung, die sie darstellen.;;§R-$VAL$§W por la amenaza que representan.;;;;;;;;;x
FACTION_DRIFT_REPULSION;§R-$VAL$§W due to how closely aligned they already are.;§R-$VAL$§W parce qu'ils sont déjà très étroitement alignés.;§R-$VAL$§W aufgrund der schon sehr engen gegenseitigen Ausrichtung.;;§R-$VAL$§W debido a lo cercanos que están alineados.;;;;;;;;;x
FACTION_DRIFT_IDEOLOGY;§Y$VAL$§W due to ideological similarity.;§Y$VAL$§W à cause d'une ressemblance idéologique.;§Y$VAL$§W aufgrund ideologischer Gemeinsamkeiten.;;§Y$VAL$§W debido a su similitud ideológica.;;;;;;;;;x
FACTION_DRIFT_INFLUENCE;§Y$VAL$§W due to diplomatic influence of faction members.;§Y$VAL$§W à cause de l'influence diplomatique des membres de la faction.;§Y$VAL$§W aufgrund von diplomatischem Einfluss von Fraktionsmitgliedern.;;§Y$VAL$§W debido a la influencia diplomática de los miembros de la facción.;;;;;;;;;x
DIP_CURRENT_RELATION;Current relations:;Relations actuelles :;Momentane Beziehungen:;;Relaciones actuales:;;;;;;;;;x
FACTION_DRIFT_TOP_INSTANT;$NAME$ is mostly drifting towards §G$FACTION$§W with a value of §Y$VAL$§W;$NAME$ dérive surtout vers §G$FACTION$§W avec une valeur de §Y$VAL$§W;$NAME$ driftet hauptsächlich Richtung §G$FACTION$§W mit einem Wert von §Y$VAL$§W;;$NAME$ se inclina más por §G$FACTION$§W con un valor de §Y$VAL$§W;;;;;;;;;x
DIP_THREAT_US;Our threat to them:;Notre menace envers eux :;Unsere Bedrohung für sie:;;Nuestra amenaza sobre ellos:;;;;;;;;;x
DIP_THREAT_THEM;Their threat to us:;Leur menace envers nous :;Ihre Bedrohung für uns:;;Su amenaza sobre nosotros:;;;;;;;;;x
DIP_PARTY;Ruling party:;Parti au pouvoir :;Regierungspartei:;;Partido gobernante:;;;;;;;;;x
DIP_SELF;Selected;Sélectionné;Aktiv;;Elegido;;;;;;;;;x
DIP_UNALIGNED;Unaligned;Non-aligné;Neutrale;;No alineado;;;;;;;;;x
DIP_NEIGHBOURS;Neighbours;Voisins;Nachbarn;;Vecinos;;;;;;;;;x
DIP_MAJORS;Majors;Principaux;Großmacht;;Principales;;;;;;;;;x
DIP_ALL;All;Tous;Alle;;Todos;;;;;;;;;x
DIP_NEUTRALITY;Their Neutrality:;Leur neutralité :;Ihre Neutralität:;;Su neutralidad:;;;;;;;;;x
DIP_OUR_NEUTRALITY;Our Neutrality:;Notre neutralité :;Unsere Neutralität:;;Nuestra neutralidad:;;;;;;;;;x
DIP_THREAT_TITLE;Threat;Menace;Bedrohung;;Amenaza;;;;;;;;;x
DIP_NAME_TITLE;Name;Nom;Name;;Nombre;;;;;;;;;x
DIP_NO_SURPLUS;$NAME$ is in deficit of §Y$VAL$§W $RES$ each day.;$NAME$ est déficitaire de §Y$VAL$§W $RES$ par jour.;$NAME$ hat ein tägliches Defizit von §Y$VAL$§W $RES$.;;$NAME$ tiene un déficit de §Y$VAL$§W $RES$ cada día.;;;;;;;;;x
DIP_SURPLUS;$NAME$ is producing a surplus of §Y$VAL$§W $RES$ each day.;$NAME$ produit un surplus de §Y$VAL$§W $RES$ par jour.;$NAME$ produziert einen täglichen Überschuss von §Y$VAL$§W $RES$.;;$NAME$ está produciendo un excedente de §Y$VAL$§W $RES$ cada día.;;;;;;;;;x
DIPRELCH_WAR;War;Guerre;Krieg;;Guerra;;;;;;;;;x
DIPRELCH_NBOR_PEACE;Neighbours at Peace;Voisins en paix;Nachbarn im Frieden;;Vecinos en paz;;;;;;;;;x
DIPRELCH_GUARANTEE;Guarantees;Garanties;Garantien;;Garantías;;;;;;;;;x
DIPRELCH_TRADEAGREEMENT;Trade Agreement;Accord commercial;Handelsabkommen;;Acuerdo comercial;;;;;;;;;x
DIPRELCH_HASACCESS;Transit Rights;Droits de transit;Durchmarscherlaubnis;;Derechos de tránsito;;;;;;;;;x
NO_WAR_NAP;We have a non-aggression pact.;Nous avons signé un pacte de non-agression.;Wir haben einen Nichtangriffspakt.;;Tenemos un pacto de no agresión.;;;;;;;;;x
DIPRELCH_EMBARGO;Trade Embargo;Embargo commercial;Handelembargo;;embargo comercial;;;;;;;;;x
DIPRELCH_DIP_SKILL;Diplomatic Skill;Habileté diplomatique;Diplomatische Fähigkeit;;Habilidad diplomática;;;;;;;;;x
DIPRELCH_INFLUENCE;Diplomatic Influence;Influence diplomatique;Diplomatischer Einfluss;;Influencia Diplomática;;;;;;;;;x
TRUCEWITH;Truce with $LIST$.;Trêve avec $LIST$;Waffenruhe mit $LIST$.;Rozejm z $LIST$.;Tregua con $LIST$.;Tregua con: $LIST$.;Fegyverszünet: $LIST$.;Pøímìøí s $LIST$.;;;;;;x
ATWARWITH;At war with $LIST$.;En guerre contre $LIST$.;Im Krieg mit $LIST$.;W stanie wojny z $LIST$.;En guerra con $LIST$.;In guerra con: $LIST$.;Háborúban: $LIST$.;Ve válce s $LIST$.;;;;;;x
ALLIEDWITH;Allied with $LIST$.;Allié à $LIST$.;Verbündet mit $LIST$.;Sojusz z $LIST$.;Aliado con $LIST$.;Alleato con: $LIST$.;Szövetségesei: $LIST$.;V alianci s $LIST$.;;;;;;x
LEADUNIONS;Lead Personal Union with $LIST$.;Mène une union personnelle avec $LIST$.;Führt Personalunionen mit $LIST$ an.;Jest stron¹ dominuj¹c¹ w unii personalnej z $LIST$.;Lidera la unión personal con $LIST$.;Guida unioni personali con: $LIST$.;Perszonáluniót vezet: $LIST$.;Je ve spojenectví s $LIST$ a má hlavní slovo.;;;;;;x
INUNION;In Personal Union with $LIST$.;En union personnelle avec $LIST$.;In Personalunion mit $LIST$.;W unii personalnej z $LIST$.;En unión personal con $LIST$.;In unione personale con: $LIST$.;Perszonálunió tagja: $LIST$.;Je ve spojenectví s $LIST$.;;;;;;x
ROYALMARRIAGE;Royal Marriage with $LIST$.;Mariage royal avec $LIST$.;Staatsehe mit $LIST$.;Królewski maria¿ z $LIST$.;Matrimonio real con $LIST$.;Matrimonio reale con: $LIST$.;Királyi házasságban: $LIST$.;Královský sòatek s $LIST$.;;;;;;x
LEADVASSAL;Has the following puppets: $LIST$.;Possède les fantoches suivants : $LIST$.;Hat die folgenden Marionetten: $LIST$.;;Tiene los títeres siguientes: $LIST$.;;;;;;;;;x
AMVASSAL;Is a puppet of $LIST$.;Est un fantoche de $LIST$.;Ist eine Marionette von $LIST$.;;Es un títere de $LIST$.;;;;;;;;;x
HASCBON;Has claims on $LIST$.;Revendique $LIST$.;Hat Ansprüche auf $LIST$.;;Tiene pretensiones en $LIST$.;;;;;;;;;x
GUARANTEED;Independence guaranteed by $LIST$.;Indépendance garantie par $LIST$.;Unabhängigkeit garantiert von $LIST$.;Niepodleg³oœæ gwarantowana przez $LIST$.;Independencia garantizada por $LIST$.;Indipendenza garantita da: $LIST$.;A függetlenségét garantálja: $LIST$.;Má nezávislost garantovánu $LIST$.;;;;;;x
GUARANTING;Guaranteeing the Independence of $LIST$.;Garantit l'indépendance de $LIST$.;Garantiert die Unabhängigkeit von $LIST$.;Gwarantuje niepodleg³oœæ $LIST$.;Garantiza la independencia de $LIST$.;Sta garantendo l'indipendenza di: $LIST$.;Garantálja a következõ függetlenségét: $LIST$.;Garantuje nezávislost $LIST$.;;;;;;x
WARNED;Warned by $LIST$.;Averti par $LIST$.;Gewarnt durch $LIST$.;Ostrze¿eni przez $LIST$.;Advertido por $LIST$.;Ammonito da: $LIST$.;Figyelmeztette: $LIST$.;Varován $LIST$.;;;;;;x
WARNING;Warning $LIST$.;Avertissement $LIST$.;Warnt $LIST$.;Ostrzega $LIST$.;Advertencia $LIST$.;Sta avvertendo: $LIST$.;$LIST$ figyelmeztetése.;Varuje $LIST$.;;;;;;x
PAYSUB;Is subsidising $LIST$.;Subventionne $LIST$.;Subventioniert $LIST$.;Przekazuje subsydia $LIST$.;Está subvencionando $LIST$.;Sta sovvenzionando: $LIST$.;Támogatja a következõt: $LIST$.;Subvencuje $LIST$.;;;;;;x
GETSUB;Gets subsidies from $LIST$.;Est subventionné par $LIST$.;Wird von $LIST$ subventioniert.;Otrzymuje subsydia od $LIST$.;Obtiene subsidios de $LIST$.;Ottiene sovvenzioni da: $LIST$.;Õt támogatja: $LIST$.;Je subvencován $LIST$.;;;;;;x
INFLUENCEFROM;Influenced by $LIST$;Influencé par $LIST$;Beeinflusst von $LIST$;;Influido por $LIST$;;;;;;;;;x
NAPWITH;Non-Aggression Pact with $LIST$;Pacte de non-agression avec $LIST$;Nichtangriffspakt mit $LIST$;;Pacto de no agresión con $LIST$;;;;;;;;;x
ALIGNINGTOWARDS;Aligning towards $LIST$;S'aligne sur $LIST$;Ausrichtung an $LIST$;;Se alinea con $LIST$;;;;;;;;;x
CDIP_EMBARGO;Embargoed by $LIST$;Placé sous embargo par $LIST$;Embargo durch $LIST$;;Sufre el embargo de $LIST$;;;;;;;;;x
SURRENDER_TITLE;Surrender Progress: §Y$VAL$%§W;Progrès vers la capitulation : §Y$VAL$%§W;Kapitulationsfortschritt: §Y$VAL$%§W;;Progreso de la rendición: §Y$VAL$%§W;;;;;;;;;x
SURRENDER_DETAILS;We have §Y$OCCUPATION$%§W of our important cities occupied, and are currently at a national unity of §Y$UNITY$%§W. If the occupation is higher than the national unity then we will surrender.;Nous avons §Y$OCCUPATION$%§W de nos villes importantes qui sont occupées et dont le taux d'unité nationale est de  §Y$UNITY$%§W. Si l'occupation est plus importante que l'unité nationale, alors nous capitulerons.;Momentan sind §Y$OCCUPATION$%§W unserer wichtigen Städte besetzt, und unser nationaler Zusammenhalt steht bei §Y$UNITY$%§W. Wenn der Besatzungswert den des nationalen Zusammenhalts überschreitet, kapitulieren wir.;;Tenemos el §Y$OCCUPATION$%§W de nuestras ciudades importantes ocupadas, y actualmente hay una unidad nacional de §Y$UNITY$%§W. Si la ocupación es mayor que la unidad nacional, nos rendiremos.;;;;;;;;;x,,,,,,,,,,,,,,,
WE_ARE_GOV_EXILE;We are a government in exile and cannot surrender again.;Nous sommes un gouvernement en exil et ne pouvons pas capituler une seconde fois.;Wir sind eine Exilregierung und können nicht erneut kapitulieren.;;Somos un Gobierno en el exilio y no podemos rendirnos otra vez.;;;;;;;;;x
# Actions;;;;;;;;;;;;;;x
ENROUTE;We have a diplomat enroute, and he will arrive on $DATE$;Nous avons un diplomate en route. Il arrivera le $DATE$.;Einer unserer Diplomaten ist unterwegs;Dyplomata w drodze. Przybêdzie $DATE$;Hemos enviado un diplomático que llegará en $DATE$;Un nostro diplomatico è in viaggio, arriverà il $DATE$;Az egyik diplomatánk uton van, és visszatérésének várható ideje: $DATE$;Diplomat je na cestì, dorazí $DATE$;;;;;;x,,,,,,,,,,,
ACT_NO_SELF;You cannot negotiate with yourself.;Vous ne pouvez pas négocier avec vous-même.;Sie können nicht mit sich selbst verhandeln;;No puedes negociar contigo mismo.;;;;;;;;;x
NO_WAR_ALLIED;You may not declare war upon a country with which you have an Alliance. Break the Alliance first.;Vous ne pouvez pas déclarer la guerre à un pays avec lequel vous êtes allié. Rompez d'abord l'alliance.;Sie können keinem Land den Krieg erklären, mit dem Sie ein Bündnis haben. Brechen Sie zuerst das Bündnis.;Nie mo¿esz wypowiedzieæ wojny pañstwu, z którym masz podpisany sojusz. Najpierw wyjdŸ z sojuszu.;No puedes declarar la guerra a un país con el que estás aliado. Primero has de romper la alianza.;Non puoi dichiarare guerra a una nazione con cui sei alleato. Devi prima annullare l'alleanza.;Nem indíthatsz olyan ország ellen háborút, amellyel szövetségben állsz. Elõször szakítsd meg a szövetséget.;Nemùžete vyhlásit válku zemi, která je vaším spojencem. Nejprve musíte zrušit alianci.;;;;;;x,,,,,,,,,,,
ACT_WARDESC;Declaring war will allow our troops to attack theirs and allow us to enter their country. War will continue until either party surrenders.;Une déclaration de guerre permettra à nos troupes d'attaquer les leurs et d'entrer dans leur pays. La guerre se poursuivra jusqu'à la capitulation d'une des parties.;Eine Kriegserklärung erlaubt unseren Truppen den Einmarsch in ihr Gebiet und den Angriff auf ihre Truppen. Der Krieg hält so lange an, bis eine der beiden Kombattanten kapituliert.;;Declarar la guerra permitirá que nuestras tropas ataquen las suyas y podremos invadir su país. La guerra continuará hasta que uno de los bandos se rinda.;;;;;;;;;x
LIM_WARDESC;Limited war will not call our faction in on our side, although you can do this later.;Une guerre limitée ne fera pas pencher notre faction de notre côté, même si vous pouvez le faire plus tard.;Eine eingeschränkte Kriegserklärung ruft nicht Ihre Fraktion zur Hilfe, obwohl dies später noch möglich ist.;;La guerra limitada no pondrá a nuestra facción de nuestro lado, aunque puedes hacerlo más adelante.;;;;;;;;;x,,,,,,,,,,,,,,,
DECWARREQDESC2;Declare war on $COUNTRY$.;Déclarer la guerre à $COUNTRY$.;Erklärt $COUNTRY$ den Krieg.;;Declarar la guerra a $COUNTRY$.;;;;;;;;;x
DIP_INFLUENCECOST;This will cost us §Y$COST$§W diplomatic influence points.;Cela nous coûtera §Y$COST$§W points d'influence diplomatique.;Dies kostet uns §Y$COST$§W diplomatische Einflusspunkte.;;Esto nos costará §Y$COST$§W puntos de influencia diplomática.;;;;;;;x;;x
DIP_THREAT;This will generate §Y$AMOUNT$§W threat in §Y$PROV$§W;Cela générera §Y$AMOUNT$§W de menace sur §Y$PROV$§W;Dies erzeugt §Y$AMOUNT$§W Bedrohung in §Y$PROV$§W;;Esto generará §Y$AMOUNT$§W de amenaza en §Y$PROV$§W;;;;;;;x;;x
DIP_NO_INFL;You do not have the §Y$INF$§W diplomatic influence required;Vous n'avez pas les §Y$INF$§W d'influence diplomatique requis;Sie haben nicht den erforderlichen §Y$INF$§W diplomatischen Einfluss;;No tienes la §Y$INF$§W influencia diplomática requerida;;;;;;;x;;x
DIP_WAR_NEUTR;We cannot declare war because our neutrality is higher than the present threat. Our neutrality is currently §Y$NEUT$§W and the effective threat between us and $THEM$ allows us to declare war when our neutrality is at §Y$THREAT$§W.;Nous ne pouvons pas déclarer la guerre parce que notre neutralité est plus élevée que la menace actuelle. Notre neutralité est actuellement de §Y$NEUT$§W et la menace effective entre nous et $THEM$ nous permet de déclarer la guerre lorsque notre neutralit;Wir können nicht den Krieg erklären,  da unsere Neutralität höher als die momentane Bedrohung ist. Unsere Neutralität ist momentan bei §Y$NEUT$§W, und die effektive Bedrohung zwischen uns und $THEM$ läßt uns den Krieg nur erklären, wenn unsere Neutralität bei §Y$THREAT$§W steht.;;No podemos declarar la guerra porque nuestra neutralidad es mayor que la amenaza actual. Nuestra neutralidad es actualmente §Y$NEUT$§W y la amenaza efectiva entre nosotros y $THEM$ nos permite declarar la guerra cuando nuestra neutralidad esté en §Y$THREAT$§W.;;;;;;;;;x
DIP_TO_NEUTR;Our neutrality is too high. It is currently §Y$NOW$§W and needs to be below §Y$LIM$§W.;Notre neutralité est trop élevée. Elle est actuellement de §Y$NOW$§W et doit être abaissée à §Y$LIM$§W.;Unsere Neutralität ist zu hoch. Sie liegt momentan bei §Y$NOW$§W, muss aber unter §Y$LIM$§W fallen.;;Nuestra neutralidad es demasiado alta. Actualmente es de §Y$NOW$§W y necesita estar por debajo de §Y$LIM$§W.;;;;;;;;;x
DIP_THEY_TO_NEUTR;Their neutrality is too high. It is currently §Y$NOW$§W and needs to be below §Y$LIM$§W.;Leur neutralité est trop élevée. Elle est actuellement de §Y$NOW$§W et doit être abaissée à §Y$LIM$§W.;Ihre Neutralität ist zu hoch. Sie liegt momentan bei §Y$NOW$§W, muss aber unter §Y$LIM$§W fallen.;;Su neutralidad es demasiado alta. Actualmente es de §Y$NOW$§W y necesita estar por debajo de §Y$LIM$§W.;;;;;;;;;x
OFFERALLIANCEDESC;If a country accepts our Alliance offer, it may come to our assistance during wars.;Si un pays accepte notre offre d'alliance, il pourra nous venir en aide en cas de guerre.;Wenn ein Land unser Bündnisangebot akzeptiert, könnte es uns bei unseren Kriegen Beistand leisten.;Jeœli pañstwo przyjmie nasz¹ propozycjê sojuszu, mo¿e nam pomagaæ w wypadku wojny. ;Si un país acepta nuestra oferta de alianza puede acudir en nuestra ayuda durante la guerra.;Se un paese accetta la nostra proposta di alleanza, ci assisterebbe in caso di guerra.;Ha egy ország elfogadja a szövetségi ajánlatunkat, akkor háború esetén a segítségünkre fog sietni.;Pokud zemì akceptuje naši nabídku na spojenectví, bude nám pomáhat v èasech války.;;;;;;x,,,,,,,,
CANCELALLIANCEDESC;Dissolving the current Alliance will, of course, end the current Alliance you have with this country, and will adversely affect relations.;Dissoudre cette alliance va, bien entendu, mettre un terme à l'alliance que nous avons avec ce pays et affecter de manière négative nos relations avec lui.;Die Auflösung des momentanen Bündnisses wird natürlich Ihr momentanes Bündnis mit diesem Land brechen. Dies wird die Beziehungen auch verschlechtern.;Rozwi¹zanie obowi¹zuj¹cego sojuszu oczywiœcie zakoñczy go i pogorszy wzajemne stosunki dyplomatyczne.;La disolución de la alianza actual acabará, por supuesto, con la alianza que tienes actualmente con este país y afectará negativamente a las relaciones.;Sciogliere l'alleanza attuale ovviamente porrà fine all'alleanza che hai con questa nazione e avrà effetti negativi sui vostri rapporti.;Ha felbontjuk a jelenlegi szövetséget, akkor meg fog szûnni ezzel az országgal fennálló szövetségi viszonyunk, és még az is lehet, hogy ezzel egymás ellenségeivé válunk.;Pokud zrušíte aktuální alianci, skonèí spojenectví s touto zemí a naše vzájemné vztahy se zhorší.;;;;;;x,,,,,
ALLIANCETITLE;Offer Alliance;Offrir une alliance;Bündnis anbieten;Zaproponuj sojusz;Ofrecer alianza;Offrire alleanza;Szövetség felajánlása;Nabídnout alianci;;;;;;x
CANCELALIANCETITLE;Dissolve this Alliance;Dissoudre cette alliance;Dieses Bündnis auflösen;Rozwi¹¿ sojusz;Disolver esta alianza;Sciogliere questa alleanza;Szövetség feloldása;Zrušit alianci;;;;;;x
ALLIANCENEWDESC;Do you wish to offer an Alliance to $COUNTRY$? Doing so will oblige us to assist each other in times of war.;Voulez-vous proposer une alliance à $COUNTRY$ ? Cela l'obligera à nous porter une assistance mutuelle en cas de guerre.;Möchten Sie $COUNTRY$ ein Bündnis anbieten? Dies wird uns verpflichten, einander in Kriegszeiten beizustehen.;Czy chcesz zaproponowaæ zawarcie sojuszu pañstwu: $COUNTRY$? Podpisuj¹c go, bêdziemy zobligowani do wzajemnej pomocy w razie wojny.;¿Quieres ofrecer una alianza a $COUNTRY$? Si lo haces, tendremos que ayudarnos mutuamente en tiempos de guerra.;Desideri offrire un'alleanza a: $COUNTRY$? Questo ci obbligherà a sostenerci a vicenda in tempi di guerra.;Szeretnél szövetséget ajánlani $COUNTRY$ nemzetének? Ha így döntesz, akkor kötelességetek lesz egymás kisegíteni a háborús idõkben.;Chcete nabídnout alianci $COUNTRY$. Pokud tak uèiníme, budeme si muset navzájem pomáhat v èasech války.;;;;;;x,,,,,,,,,,,
BREAKALLIANCENEWDESC;Do you wish to cancel the Alliance with $COUNTRY$? This will upset them.;Voulez-vous annuler l'alliance avec $COUNTRY$ ? Cela va les contrarier.;Möchten Sie das Bündnis mit $COUNTRY$ abbrechen? Dies wird sie verärgern.;Czy chcesz anulowaæ sojusz z pañstwem $COUNTRY$. To ich rozgniewa.;¿Quieres cancelar la alianza con $COUNTRY$? Esto les molestará.;Desideri sciogliere l'alleanza con: $COUNTRY$. Questo li farà andare su tutte le furie.;Valóban meg akarod szakítani a szövetséget $COUNTRY$ nemzetével? Ez nem fog tetszeni nekik.;Chcete zrušit alianci s $COUNTRY$. Jejich vztah k nám se zhorší.;;;;;;x
ALLIANCEREQDESC;$ACTOR$ offers us an Alliance. By accepting it we are promising to help each other in times of war.;$ACTOR$ nous propose une alliance. En acceptant, nous nous engageons à nous porter mutuellement assistance en cas de guerre.;$ACTOR$ bietet uns ein Bündnis an. Hierdurch versprechen wir, einander in Kriegszeiten beizustehen.;$ACTOR$ proponuje nam zawarcie sojuszu. Zgadzaj¹c siê, zobowi¹zujemy siê pomagaæ sobie wzajemnie w wypadku wojny.;$ACTOR$ nos ofrece una alianza. Aceptándola nos comprometemos a ayudarnos mutuamente en tiempos de guerra.;$ACTOR$ ci propone un'alleanza. Accettando, ci impegniamo ad aiutarci a vicenda in tempi di guerra.;$ACTOR$ szövetséget ajánlott nekünk. Így téve meg kell ígérnünk nekik, hogy háború esetén egymást fogjuk segíteni.;$ACTOR$ nám nabízí spojenectví. Pøijmeme-li ho, budeme si muset navzájem pomáhat v èase války.;;;;;;x,,,,,,,,,
GUARANTTITLE;Proclaim Guarantee;Proclamer une garantie;Garantie proklamieren;Gwarantuj niepodleg³oœæ;Proclamar garantía;Proclamarsi garante;Biztosíték kinyilatkoztatása;Vyhlásit garanci;;;;;;x
GUARANTNEWDESC;Do you wish to proclaim a guarantee for $COUNTRY$? If they are attacked, we will be called upon to join the fight.;Souhaitez-vous proclamer une garantie pour $COUNTRY$ ? S'ils ont attaqué, nous devrons alors les soutenir.;Wollen Sie eine Garantie für $COUNTRY$ proklamieren? Wenn sie angegriffen werden, müssen wir ihnen zu Hilfe kommen.;;¿Quieres proclamar una garantía para $COUNTRY$? Si les atacan, nos pedirán que les unamos al combate.;;;;;;;x;;x,,,,,,,,,,,,,,,
GUARANTDESC;Proclaiming a guarantee will give us a chance to defend them against those who declare war on them.;Proclamer une garantie nous fournira automatiquement un Casus Belli contre quiconque leur déclarera la guerre.;Eine Garantieproklamation gibt uns einen Kriegsgrund gegen jeden, der ihnen den Krieg erklärt.;Gwarantuj¹c im niepodleg³oœæ, uzyskujemy casus belli wzglêdem tych, którzy wypowiedz¹ wojnê temu krajowi.;Proclamar una garantía nos dará la oportunidad de defenderlos de los que le declaren la guerra.;Proclamarsi garante di una nazione ci fornirà un Casus Belli nei confronti di chiunque dichiarerà guerra a quella nazione.;A biztosíték vállalása egyben háborús indítékot is jelent azon nemzetek ellen, aki szövetségesedet megtámadja.;Vyhlášení garance nám poskytne záminku k válce s kýmkoliv, kdo vyhlásí válku jim.;;;;;;x,,,,,,,,,,,
HASGUARANT;We are already guaranteeing them.;Nous nous portons déjà garants pour eux.;Wir haben schon eine Garantie für sie proklamiert.;Ju¿ zagwarantowaliœmy im niepodleg³oœæ.;Ya los estamos garantizando.;Siamo già loro garanti.;Már biztosítottunk õket;Již jsme jim poskytli garanci.;;;;;;x
ALLIES_GUARANT;Should we need to come to their aid, all members of our faction will follow us.;Si nous devions leur venir en aide, les membres de notre faction nous suivront.;Wenn wir ihnen zu Hilfe kommen müssen, werden alle Mitglieder unserer Fraktion Folge leisten.;;Si tenemos que ayudarlos, todos los miembros de nuestra facción nos seguirán.;;;;;;;x;;x,,,,,,,,,,,,,,,
CALLTITLE;A Call to Arms!;Appel aux armes !;Ein Ruf zu den Waffen!;Do broni!;¡Una llamada a las armas!;Chiamata alle armi!;Fegyverbe hívás!;Volání do zbranì!;;;;;;x
CALLREQDESC;The nation of $COUNTRY$, your faithful ally, is requesting that you come to their aid in the conflict against $LIST$. ;La nation de $COUNTRY$, votre fidèle allié, demande que vous veniez à son aide dans le conflit qui l'oppose à $LIST$.;Das Land $COUNTRY$, Ihr treuer Verbündeter, bittet Sie um Hilfe im Konflikt gegen $LIST$.;Nasz wierny sojusznik, $COUNTRY$, prosi o pomoc w konflicie z $LIST$.;La nación de $COUNTRY$, tu aliado fiel, solicita tu ayuda en el conflicto contra $LIST$. ;$COUNTRY$, nazione tua fedele alleata, chiede il tuo aiuto nel conflitto contro: $LIST$.;$COUNTRY$ nemzete, a te hû szövetségesed arra kér, hogy legyél a segítségére $LIST$ ellen.;Zemì $COUNTRY$, váš vìrný spojenec, vyžaduje vaši pomoc v konfliktu s $LIST$.;;;;;;x
CALLDESC;Call on your partner to aid you in this conflict.;Faites appel à votre allié pour vous aider dans ce conflit.;Bitten Sie Ihren Verbündeten, Ihnen in diesem Konflikt zu helfen.;Wezwij na pomoc sojusznika.;Pide a tu socio que te ayude en este conflicto.;Chiedi l'aiuto del tuo alleato in questo conflitto.;Segítség kérése a partneredtõl, hogy segítsen megoldani a konfliktust.;Povolat spojence na pomoc v tomto konfliktu.;;;;;;x,,,,,,,,,,,,,,
CALLNEWDESC;Do you wish to call upon your Allies in these times of war?;Voulez-vous faire appel à vos alliés en ces temps de guerre ?;Möchten Sie Ihre Verbündeten in diesen Zeiten des Krieges zu Hilfe rufen?;Czy chcesz wezwaæ swoich sojuszników na pomoc?;¿Quieres pedir ayuda a tus aliados en estos tiempos de guerra?;Desideri chiedere l'aiuto dei tuoi alleati in questi tempi di guerra?;Valóban meg szeretnéd kérni a szövetségesedet, hogy segítsen ebben a háborúban?;Chcete nyní, v èase války, povolat své spojence?;;;;;;x,,,,,,,,,,,,,
WARTITLE;Declare War;Déclarer la guerre;Krieg erklären;Wypowiedz wojnê;Declarar la guerra;Dichiarare guerra;Háború kinyilvánítása;Vyhlásit válku.;;;;;;x
WARREQDESC;Do you wish to declare war against $COUNTRY$?;Souhaitez-vous déclarer la guerre à $COUNTRY$ ?;Möchten Sie $COUNTRY$ den Krieg erklären?;Czy chcesz wypowiedzieæ wojnê pañstwu $COUNTRY$?;¿Quieres declarar la guerra a $COUNTRY$?;Desideri dichiarare guerra a: $COUNTRY$;Valóban háborús állapotot akarsz kinyilvánítani $COUNTRY$ nemzetével szemben?;Chcete vyhlásit válku $COUNTRY$;;;;;;x
LIMWARTITLE;Declare Limited War;Déclarer une guerre limitée;begrenzten Krieg erklären;Wypowiedz wojnê;Declarar guerra limitada;Dichiarare guerra;Háború kinyilvánítása;Vyhlásit válku.;;;;;;x
LIMWARREQDESC;Do you wish to declare limited war against $COUNTRY$?;Souhaitez-vous déclarer une guerre limitée à $COUNTRY$ ?;Möchten Sie $COUNTRY$ den Krieg erklären?;Czy chcesz wypowiedzieæ wojnê pañstwu $COUNTRY$?;¿Quieres declarar la guerra limitada contra $COUNTRY$?;Desideri dichiarare guerra a: $COUNTRY$;Valóban háborús állapotot akarsz kinyilvánítani $COUNTRY$ nemzetével szemben?;Chcete vyhlásit válku $COUNTRY$;;;;;;x
NAPEDESC;Promise not to declare war on them.;Promettez de ne pas leur déclarer la guerre.;Versprechen, ihnen nicht den Krieg zu erklären.;;Prometer no declararles la guerra.;;;;;;;;;x
CANCELNAPDESC;Revoke our promise of non-aggression;Révoquez notre promesse de non-agression.;Unser Nichtangriffsversprechen  zurückziehen;;Revocar nuestra promesa de no agresión;;;;;;;;;x;
NAPTITLE;Non-Aggression Pact;Pacte de non-agression;Nichtangriffspakt;;Pacto de no agresión;;;;;;;;;x;
CANCELNAPTITLE;Revoke Non-Aggression Pact;Révoquez le pacte de non-agression;Nichtangriffspakt brechen;;Revocar pacto de no agresión;;;;;;;;;x;
NAPNEWDESC;Do you wish to sign a Non-Aggression Pact with $COUNTRY$?;Souhaitez-vous signer un pacte de non-agression avec $COUNTRY$ ?;Möchten Sie einen Nichtangriffspakt mit $COUNTRY$ unterzeichnen?;;¿Quieres firmar un pacto de no agresión con $COUNTRY$?;;;;;;;;;x;
BREAKNAPNEWDESC;Do you wish to cancel the Non-Aggression Pact we have with $COUNTRY$?;Souhaitez-vous annuler le pacte de non-agression que nous avons signé avec $COUNTRY$ ?;Möchten Sie unseren Nichtangriffspakt mit $COUNTRY$ brechen?;;¿Quieres cancelar el pacto de no agresión que tenemos con $COUNTRY$?;;;;;;;;;x;
NAPREQDESC;$ACTOR$ offers us a Non-Aggression Pact. By accepting it, we are promising not to attack each other until the deal is canceled.;$ACTOR$ nous propose un pacte de non-agression. Si nous l'acceptons, nous nous engageons à ne pas nous attaquer mutuellement jusqu'à son annulation. ;$ACTOR$ bietet uns einen Nichtangriffspakt an. Wenn wir ihn annehmen, versprechen wir damit, uns gegenseitig nicht anzugreifen, bis das Abkommen aufgehoben wird.;;$ACTOR$ nos ofrece un pacto de no agresión. Si lo aceptamos, prometemos no atacarnos mutuamente hasta que se cancele el acuerdo.;;;;;;;;;x;x,,,,,,,,,,,,,,,
MILACCTITLE;Ask for Transit Rights;Demander des droits de transit;Um Durchmarscherlaubnis bitten;;Solicitar derechos de tránsito;;;;;;;;;x;
MILACCNEWDESC;Do you wish to request Transit Rights from $COUNTRY$, thereby allowing our ships and armies access to their territories?;Souhaitez-vous demander des droits de transit à $COUNTRY$, qui permettront à nos navires et à nos armées d'avoir accès à leurs territoires ?;Möchten Sie $COUNTRY$ um Durchmarscherlaubnis bitten, die unseren Schiffen und Armeen Zugang zu ihrem Gebiet erlaubt?;;¿Quieres pedir derechos de tránsito de $COUNTRY$, permitiendo que nuestros barcos y ejércitos accedan a sus territorios?;;;;;;;;;x;,,,,,,,,,,,,,,,
MILACCDESC;Request access to their territory.;Demandez l'accès à leur territoire.;Um Zugangserlaubnis zu ihrem Gebiet bitten.;;Solicitar acceso a su territorio.;;;;;;;;;x;
MILACCREQDESC;$COUNTRY$ is requesting Transit Rights from us. Accepting will allow them to move ships and armies into our territory.;$COUNTRY$ nous demande des droits de transit. Si on accepte, cela leur permettra des mouvements de navires et d'armées sur notre territoire.;$COUNTRY$ bittet uns um Durchmarscherlaubnis. Dies würde ihren Schiffen und Armeen Zugang zu unserem Gebiet erlauben.;;$COUNTRY$ nos pide derechos de tránsito. Si los aceptamos, les permitirá mover barcos y ejércitos en nuestro territorio.;;;;;;;;;x;
CANCELMILACCDESC;Cancel our Transit Rights in their country.;Annulez les droits de transit pour leur pays.;Unsere Durchmarscherlaubnis für ihr Land aufheben.;;Cancelar nuestros derechos de tránsito a su país.;;;;;;;;;x;
CANCELMILACCTITLE;Cancel Transit Rights;Annulez les droits de transit;Durchmarscherlaubnis aufheben;;Cancelar derechos de tránsito;;;;;;;;;x;
OFFERMILACCTITLE;Give Transit Rights;Accordez des droits de transit;Durchmarscherlaubnis gewähren;;Dar derechos de tránsito;;;;;;;;;x;
OFFERMILACCNEWDESC;Do you wish to give Transit Rights to $COUNTRY$? This will enable them to station troops in our territories and ports.;Souhaitez-vous accorder des droits de transit à $COUNTRY$? Cela leur permettra de stationner des troupes sur notre territoire et dans nos ports.;Möchten Sie $COUNTRY$ Durchmarscherlaubnis gewähren? Dies erlaubt ihnen, auf unserem Gebiet und in unseren Häfen Truppen zu stationieren.;;¿Quieres dar derechos de tránsito a $COUNTRY$? Esto les permitirá emplazar tropas en nuestros territorios y puertos.;;;;;;;;;x;
OFFERMILACCDESC;Enable them to station troops and ships in our country.;Autorisez-les à stationner leurs troupes et leurs navires dans notre pays.;Erlaubt ihnen die Stationierung von Truppen und Schiffen in unserem Land.;Umo¿liwia stacjonowanie ich wojsk oraz okrêtów na terytorium naszego pañstwa.;Permitirles que emplacen tropas y barcos en nuestro país.;Autorizzare il loro stazionamento di truppe e navi nel nostro paese.;Egységeik és hajóik országunkban lévõ állomásozásának engedélyezése.;Dovolit jejich vojákùm a lodím pøístup na naše území.;;;;;;x;
REVOKEMILACCTITLE;Revoke Transit Rights.;Révoquez les droits de transit.;Durchmarscherlaubnis aufheben.;;Revocar derechos de tránsito.;;;;;;;;;x;
REVOKEMILACCNEWDESC;Do you wish to revoke the Transit Rights given to $COUNTRY$? Doing so will prevent their troops from accessing our country and ports.;Souhaitez-vous révoquer les droits de transit accordés à $COUNTRY$ ? Si oui, cela empêchera leurs troupes d'avoir accès à notre pays et à nos ports.;Möchten Sie die Durchmarscherlaubnis an $COUNTRY$ aufheben? Dies wird ihren Truppen den Zugang zu unserem Gebiet und unseren Häfen verweigern.;;¿Quieres revocar los derechos de tránsito concedidos a $COUNTRY$? Si lo haces, evitarás que sus tropas tengan acceso a nuestro territorio y puertos.;;;;;;;;;x;
REVOKEMILACCDESC;Revoke their ability to station troops and ships in our country.;Révoquer l'accès de leurs troupes et de leurs navires à notre territoire.;Entzieht ihnen die Erlaubnis zur Stationierung von Truppen und Schiffen in unserem Land.;Odwo³aj zgodê na przemarsz i stacjonowanie ich wojsk oraz okrêtów na terytorium naszego pañstwa.;Revocar su capacidad para emplazar tropas y barcos en nuestro país.;Revocare la loro autorizzazione allo stazionamento di truppe e navi nel nostro paese.;Visszavonod az engedélyt, így egységeik és hajóik nem tartózkodhatnak országodban.;Zrušit jejich vojákùm a lodím pøístup na naše území.;;;;;;x;,,,,,,,,,,,,,,,
CANCELMILACCNEWDESC;Do you wish to cancel the Transit Rights given to us by $COUNTRY$? Doing so will prevent our troops from having access to their territory and ports.;Souhaitez-vous annuler les droits de transit que $COUNTRY$ nous a accordé ? Si oui, nos troupes n'auront plus accès à leur territoire et à leurs ports.;Möchten Sie die uns von $COUNTRY$ gegebene Durchmarscherlaubnis aufheben? Dies wird unseren Truppen den Zugang zu ihrem Gebiet und ihren Häfen verweigern.;;¿Quieres cancelar los derechos de tránsito que nos ha concedido $COUNTRY$? Si lo haces, evitarás que nuestras tropas tengan acceso a su territorio y puertos.;;;;;;;;;x;
CANCELMILACCDESC_NOPES_TROOPS;We cannot cancel transit rights while we still have forces inside their borders.;Nous ne pouvons pas annuler les droits de transit tant que nous avons encore des forces à l'intérieur de leurs frontières.;Wir können die Durchmarscherlaubnis nicht aufheben, solange wir noch Truppen innerhalb ihrer Grenzen haben.;;No podemos cancelar los derechos de tránsito mientras tengamos tropas dentro de sus fronteras.;;;;;;;;;x;
INFLTITLE;Influence Nation;Influencez un pays;Nation beeinflussen;;Influir nación;;;;;;;;;x;
INFLNEWDESC;Do you wish to exert influence on $RECIPIENT$?\nThis will move them $VAL$ towards $FACTION$ each day for $TIME$ days.;Souhaitez-vous exercer une influence sur $RECIPIENT$ ?\nCela les déplacera de $VAL$ vers la $FACTION$ tous les jours pendant $TIME$ jours.;Möchten Sie Einfluss über $RECIPIENT$ ausüben?\nDies wird sie $TIME$ Tage lang täglich um $VAL$ in Richtung $FACTION$ bringen.;;¿Quieres ejercer tu influencia sobre $RECIPIENT$?\nEsto los moverá $VAL$ hacia $FACTION$ cada día durante $TIME$ días.;;;;;;;;;x;
INFLDESC;Influence nation towards your faction.;Améliorez vos relations avec un pays.;Beziehungen mit Nation verbessern.;;Mejorar relaciones con la nación.;;;;;;;;;x;
DIP_ALLREADY_INF;$RECIPIENT$ is already being influenced by $NATION$ of our faction.;$RECIPIENT$ est déjà sous l'influence de $NATION$ de notre faction. Leur influence cessera le $DATE$.;$RECIPIENT$ wird schon von $NATION$ aus unserer Fraktion beeinflusst.;;$RECIPIENT$ ya está siendo influenciado por $NATION$ de nuestra facción. Su influencia cesará el $DATE$.;;;;;;;;;x;
ALIGN_ALLREADY_ALL;We are already aligning ourselves to $FACTION$. This action will be done on $DATE$.;Nous nous alignons déjà sur $FACTION$. Cette action aura lieu le $DATE$.;Wir richten uns schon an $FACTION$ aus. Dies wird am $DATE$ abgeschlossen sein.;;Ya estamos alineados con $FACTION$. Esta acción se llevará a cabo el $DATE$.;;;;;;;;;x;
ALIGN_NOT_LEADER;They are not the leader of $FACTION$, try $LEADER$;Ils ne sont pas les leaders de $FACTION$, essayez $LEADER$;Sie sind nicht der $FACTION$-Anführer, probieren Sie es bei $LEADER$;;No es el líder de $FACTION$. Prueba con $LEADER$;;;;;;;;;x;,,,,,,,,,,,,,,,
ALIGN_NO_FACTION;They are not in a faction you can align with.;Ils ne font pas partie d'une faction avec laquelle vous pouvez vous aligner.;Sie sind nicht in einer Fraktion, an der Sie sich ausrichten können.;;No están en una facción con la que te puedas alinear.;;;;;;;;;x;
ALIGNNEWDESC;Do you wish to atempt to align yourself to the §Y$FACTION$§W? This will induce a drift of §Y$VAL$§W every day for §Y$TIME$§W days.;Voulez-vous tenter de vous aligner avec §Y$FACTION$§W ? Ceci induira une dérive de §Y$VAL$§W tous les jours pendant §Y$TIME$§W jours.;Möchten Sie versuchen, sich an §Y$FACTION$§W auszurichten? Dies erzeugt §Y$TIME$§W Tage lang täglich einen Drift von §Y$VAL$§W.;;¿Quieres intentar alinearte con §Y$FACTION$§W? Esto inducirá a una oscilación de §Y$VAL$§W cada día durante §Y$TIME$§W días.;;;;;;;;;x;
ALIGNTITLE;Align to Faction;S'aligner sur la faction;An Fraktion ausrichten;;Alinear con facción;;;;;;;;;x;
ALIGNDESC;Align yourself to a faction.;Alignez-vous sur la faction.;Richten Sie sich an einer Fraktion aus.;;Alinearte con una facción.;;;;;;;;;x;
EMBARGOTITLE;Embargo;Embargo;Embargo;;Embargo;;;;;;;;;x;
EMBARGONEWDESC;Do you wish to impose an embargo on $RECIPIENT$?\nThis will cancel all your existing trade deals with them, and prevent them from trading with you until the embargo is lifted.;Souhaitez-vous imposer un embargo à $RECIPIENT$ ?\nCela annulera tous les accords commerciaux en vigueur avec eux et les empêchera de commercer avec vous jusqu'à l'annulation des accords.;Möchten Sie ein Embargo über $RECIPIENT$ verhängen?\nDies annulliert all Ihre bestehenden Handelsabkommen mit ihnen und hindert sie daran, mit Ihnen zu handeln.;;¿Quieres imponer un embargo a $RECIPIENT$?\nEsta acción cancelará los acuerdos comerciales existentes con ellos y evitará que comercien contigo hasta que los acuerdos sean cancelados.;;;;;;;;;x;,,,,,,,,,,,,,,,
EMBARGODESC;Prevent them from trading with you.;Empêchez-les de commercer avec vous.;Sie daran hindern, mit Ihnen zu handeln;;Impedirles que comercien contigo.;;;;;;;;;x
CANCELEMBARGOTITLE;Revoke Embargo;Révoquez l'embargo;Embargo zurücknehmen;;Revocar embargo;;;;;;;;;x
CANCELEMBARGONEWDESC;Do you wish to revoke the embargo you imposed on $RECIPIENT$?;Souhaitez-vous révoquer l'embargo que vous avez imposé à $RECIPIENT$ ?;Möchten Sie Ihr Embargo über $RECIPIENT$ zurücknehmen?;;¿Quieres revocar el embargo que impusiste a $RECIPIENT$?;;;;;;;;;x
CANCELEMBARGODESC;Enable trading.;Rendez le commerce possible.;Handel ermöglichen.;;Permitir el comercio.;;;;;;;;;x
ASKFACTIONREQDESC;§Y$ACTOR$§W is requesting to join the §Y$FACTION$§W. Allowing them to join would closely align them to us for a long time. Do you deem them worthy?;§Y$ACTOR$§W demande à rejoindre  §Y$FACTION$§W. Leur accorder cette permission les alignerait étroitement sur nous pour longtemps. En valent-ils la peine ?;§Y$ACTOR$§W bitte um Aufnahme in die §Y$FACTION$§W. Dies würde sie auf lange Zeit eng an uns ausrichten. Finden Sie, dass sie es wert sind?;;§Y$ACTOR$§W solicita unirse a §Y$FACTION$§W. Si permites que se una, te habrás alineado estrechamente con ellos durante mucho tiempo. ¿Crees que lo merecen?;;;;;;;;;x
INVITEFACTIONREQDESC;§Y$ACTOR$§W is inviting us to join the §Y$FACTION$§W. Accepting would mean we closely link the fate of our nation to their side. Do you wish to accept?;§Y$ACTOR$§W nous invite à rejoindre §Y$FACTION$§W. Accepter implique que nous lions étroitement le destin de notre nation au leur. Souhaitez-vous accepter ?;§Y$ACTOR$§W lädt uns zum Beitritt in die §Y$FACTION$§W ein. Wenn wir annehmen, würden wir das Schcksal unserer Nation eng mit ihrer Seite verknüpfen. Möchten Sie annehmen?;;§Y$ACTOR$§W nos invita a unirnos a §Y$FACTION$§W. Si aceptas, uniríamos estrechamente el destino de nuestra nación al suyo. ¿Quieres aceptar?;;;;;;;;;x
JOINFACTIONTITLE;Join Faction;Rejoindre la faction;Fraktion beitreten;;Unirte a la facción;;;;;;;;;x
INVITEFACTIONTITLE;Invite to Faction;Inviter à rejoindre la faction;Zu Fraktion einladen;;Invitar a la facción;;;;;;;;;x
JOINFACTIONNEWDESC;Do you wish to request being accepted into the $FACTION$?;Souhaitez-vous demander à être accepté dans $FACTION$ ?;Möchten Sie um Aufnahme in die $FACTION$ bitten?;;¿Quieres solicitar que te acepten en la $FACTION$?;;;;;;;;;x
INVITEFACTIONNEWDESC;Do you wish to invite $COUNTRY$ to join the $FACTION$?;Souhaitez-vous inviter $COUNTRY$ ? à rejoindre $FACTION$ ?;Möchten Sie $COUNTRY$ einladen, sich der $FACTION$ anzuschließen?;;¿Quieres invitar a $COUNTRY$ a que se una a $FACTION$?;;;;;;;;;x
JOINFACTIONDESC;Request to join their faction.;Demandez à rejoindre leur faction;Um Aufnahme in ihre Fraktion bitten.;;Solicitar unirte a su facción.;;;;;;;;;x
INVITEFACTIONDESC;Invite them to join our faction;Invitez-les à rejoindre notre faction;Sie einladen, unserer Fraktion beizutreten;;Invitarles a unirse a nuestra facción;;;;;;;;;x
FACTION_DISTANCE;Our alignment needs to be less than §Y$VAL$§W from the §Y$FACTION$§W. Our alignment towards them is currently §Y$VALC$§W.;Notre alignement doit être moins de §Y$VAL$§W des §Y$FACTION$§W. Notre alignement avec eux est actuellement de §Y$VALC$§W.;Unsere Ausrichtung muss unter §Y$VAL$§W der §Y$FACTION$§W liegen. Unsere Ausrichtung an ihnen liegt momentan bei §Y$VALC$§W.;;Nuestra alineación necesita ser menor que §Y$VAL$§W de la §Y$FACTION$§W. Nuestra alineación hacia ellos es actualmente §Y$VALC$§W.;;;;;;;;;x
TRADETITLE;Offer Trade Agreement;Proposer un accord commercial.;Angebot: Handelsabkommen;Zaproponuj umowê handlow¹;Ofrecer acuerdo comercial;Offrire accordo commerciale;Kereskedelmi egyezmény felajánlása;Nabídnout obchodní dohodu;;;;;;x
CANCELTRADETITLE;Cancel Trade Agreement;Annuler un accord commercial.;Handelsabkommen aufkündigen;Anuluj umowê handlow¹;Cancelar acuerdo comercial;Annullare accordo commerciale ;Kereskedelmi egyezmény visszavonása;Zrušit obchodní dohodu;;;;;;x
TRADENEWDESC;We offer §Y$COUNTRY$§W to trade $SELL$ per day for $BUY$ per day.;Nous proposons à §Y$COUNTRY$§W d'échanger $SELL$ par jour contre $BUY$ par jour.;Wir bieten §Y$COUNTRY$§W an, täglich $SELL$ gegen $BUY$ auszutauschen.;;Nosotros ofrecemos §Y$COUNTRY$§W comerciar $SELL$ por día por $BUY$ por día.;;;;;;;;;x
CANCELTRADENEWDESC;Do you wish to cancel our agreement with $COUNTRY$?\nThis will stop the transfer of $SELL$ for $BUY$.;Souhaitez-vous annuler notre accord avec $COUNTRY$ ?\nCela stoppera le transfert de $SELL$ pour $BUY$.;Möchten Sie unser Abkommen mit $COUNTRY$ brechen?\nDies beendet den Transfer von $SELL$ gegen $BUY$.;;¿Quieres cancelar nuestro acuerdo con $COUNTRY$?\nEsto cesará la transferencia de $SELL$ por $BUY$.;;;;;;;;;x
TRADEDESC;This will allow us to negotiate to either sell or buy resources.;Cela nous permettra de négocier la vente ou l'achat de ressources.;Dies erlaubt uns die Verhandlung um den Kauf oder Verkauf von Ressourcen.;;Nos permitirá negociar para vender o comprar recursos.;;;;;;;;;x
CANCELTRADEDESC;Cancel our Trade Agreement.;Annulez notre accord commercial;Unser Handelsabkommen aufheben.;;Cancelar nuestro acuerdo comercial.;;;;;;;;;x
TRADEREQDESC;$COUNTRY$ is offering us a Trade Agreement. \n We would give them $TO$ each day in exchange for $FROM$ each day.;$COUNTRY$ nous propose un accord commercial. Nous leur donnerions $TO$ par jour en échange de $FROM$ par jour.;$COUNTRY$ bietet uns ein Handelsabkommen an. \n Wir gäben ihnen täglich $TO$ im Austausch für $FROM$.;;$COUNTRY$ nos ofrece un acuerdo comercial. \nLes daríamos $TO$ al día a cambio de $FROM$ al día.;;;;;;;;;x
TRADE_DAY;$VAL$/Day;$VAL$/Jour;$VAL$/Tag;;$VAL$/Día;;;;;;;;;x
TRADE_NOTHING;Nothing;Rien;Nichts;;Nada;;;;;;;;;x
NO_TRADE_RULE;Only if both parties have the $RULE$ rule could we trade resources for resources.;Seulement si les deux parties ont les $RULE$ nous pourrions échanger ressources contre ressources.;Nur wenn beide Parteien die $RULE$-Regel haben, können wir Ressourcen gegen Ressourcen tauschen.;;Solo si ambas partes tienen la norma $RULE$ podríamos comerciar con recursos mutuamente.;;;;;;;;;x
SENDEXPEDTITLE;Expeditionary Force;Corps expéditionnaire;Expeditionstruppe;;Fuerza expedicionaria;;;;;;;;;x
SENDEXPEDNEWDESC;Do you wish to send an expeditionary force to $RECIPIENT$ to use as they see fit?;Souhaitez-vous envoyer un corps expéditionnaire de $RECIPIENT$ pour emploi selon les besoins ?;Möchten Sie eine Expeditionstruppe an $RECIPIENT$ entsenden?;;¿Quieres enviar una fuerza expedicionaria a $RECIPIENT$ para que la usen como mejor convenga?;;;;;;;;;x
SENDEXPEDDESC;Send a formation as an expeditionary force.;Envoyez une formation comme corps expéditionnaire.;Eine Formation als Expeditionstruppe entsenden.;;Enviar una formación como fuerza expedicionaria.;;;;;;;;;x
RETRIEVEEXPEDTITLE;Retrieve Expeditionary Force;Récupérez votre corps expéditionnaire;Expeditionstruppe zurückholen;;Evacuar fuerza expedicionaria;;;;;;;;;x
RESENDEXPEDTITLE;Return Expeditionary Force;Renvoyez votre corps expéditionnaire;Expeditionstruppe zurückgeben;;Volver a enviar fuerza expedicionaria;;;;;;;;;x
RETRIEVEEXPEDNEWDESC;Do you wish a unit to be returned home to §Y$RECIPIENT$§W?\nIf you do so, the unit will revert to the original owner on §Y$DATE$§W;Souhaitez-vous qu'une unité rentre à §Y$RECIPIENT$§W ?\nSi oui, l'unité retournera à son véritable propriétaire le §Y$DATE$§W.;Wollen Sie eine Einheit nach §Y$RECIPIENT$§W zurückholen?\nWenn ja, wird die Einheit ihrem ursprünglichen Besitzer am §Y$DATE$§W zurückgeführt;;¿Quieres que una unidad regrese a casa a §Y$RECIPIENT$§W?\nSi lo haces, la unidad regresará al propietario original el §Y$DATE$§W;;;;;;;;;x,,,,,,,,,,,,,,,
RETRIEVEEXPEDDESC;Demand that an expeditionary force return home to you.;Demandez qu'un corps expéditionnaire rentre chez vous.;Rückehr einer Expeditionstruppe verlangen.;;Solicitar que una fuerza expedicionaria regrese a casa.;;;;;;;;;x
RESENDEXPEDDESC;Send an expeditionary force back to its owner.;Renvoyez un corps expéditionnaire à son propriétaire.;Expeditionstruppe zurück an ihren Eigentümer senden.;;Enviar de vuelta a una fuerza expedicionaria junto a su propietario.;;;;;;;;;x
EXPEDNEWDESC_ARMY;\nYou have currently selected §Y$UNIT$§W. It contains a total of $NUM$ Divisions.\nThe unit is currently located in §Y$PROV$§W.;\nVous avez actuellement choisi §Y$UNIT$§W, elle comprend au total $NUM$ divisions.\nL'unité se trouve actuellement à §Y$PROV$§W.;\nSie haben momentan §Y$UNIT$§W ausgewählt, mit einer Gesamtzahl von $NUM$ Divisionen.\nDie Einheit befindet sich momentan in §Y$PROV$§W.;;\nActualmente has seleccionado §Y$UNIT$§W, que incluye un total de $NUM$ divisiones.\nLa unidad se encuentra localizada actualmente en §Y$PROV$§W.;;;;;;;;;x
EXPEDNEWDESC_NAVY;\nYou have currently selected §Y$UNIT$§W. It contains a total of $NUM$ Ships.\nThe unit is currently located in §Y$PROV$§W.;\nVous avez actuellement choisi, §Y$UNIT$§W, elle comprend au total $NUM$ navires.\nL'unité se trouve actuellement à §Y$PROV$§W.;\nSie haben momentan §Y$UNIT$§W ausgewählt, mit einer Gesamtzahl von $NUM$ Schiffen.\nDie Einheit befindet sich momentan in §Y$PROV$§W.;;\nActualmente has seleccionado §Y$UNIT$§W, que incluye un total de $NUM$ barcos.\nLa unidad se encuentra localizada actualmente en §Y$PROV$§W.;;;;;;;;;x
EXPEDNEWDESC_AIR;\nYou have currently selected §Y$UNIT$§W. It contains a total of $NUM$ air wings.\nThe unit is currently located in §Y$PROV$§W.;\nVous avez actuellement choisi §Y$UNIT$§W, elle comprend au total $NUM$ escadrilles.\nL'unité se trouve actuellement à §Y$PROV$§W.;\nSie haben momentan §Y$UNIT$§W ausgewählt, mit einer Gesamtzahl von $NUM$ Schwadronen.\nDie Einheit befindet sich momentan in §Y$PROV$§W.;;\nActualmente has seleccionado §Y$UNIT$§W, que incluye un total de $NUM$ escuadrones.\nLa unidad se encuentra localizada actualmente en §Y$PROV$§W.;;;;;;;;;x
ASKEXPEDITIONREQDESC;§Y$ACTOR$§W is offering us §G$UNIT$§W as an expeditionary force. \n §G$UNIT$§W contains $NUM$ $TYPE$s that may use as we please until they are recalled.\n$UNIT$ is currently located in $PROV$.;§Y$ACTOR$§W nous propose §G$UNIT$§W comme corps expéditionnaire.\n§G$UNIT$§W comprend $NUM$ $TYPE$s que nous pouvons utiliser à notre gré jusqu'à leur rappel.\n$UNIT$ se trouve actuellement à $PROV$.;§Y$ACTOR$§W bietet uns §G$UNIT$§W als Expeditionstruppe an. \n §G$UNIT$§W enthält $NUM$ $TYPE$s, die wir beliebig einsetzen können, bis sie zurückbeordert werden.\n$UNIT$ befindet sich momentan in $PROV$.;;§Y$ACTOR$§W nos ofrece §G$UNIT$§W como una fuerza expedicionaria. \n §G$UNIT$§W incluye $NUM$ $TYPE$s que podemos usarlos como nos convenga hasta que se reincorporen.\n$UNIT$ se encuentra ubicada actualmente en $PROV$.;;;;;;;;;x
EXP_DIVISION;Division;Division;Division;;División;;;;;;;;;x
EXP_SQUADRON;Air wing;Escadrille;Schwadron;;Escuadrón;;;;;;;;;x
EXP_SHIP;Ships;Navires;Schiffe;;Barcos;;;;;;;;;x
BUYLICENCETITLE;Buy Production Licence;Acheter licence de production;Produktionslizenz kaufen;;Comprar licencia de producción;;;;;;;;;x
BUYLICENCENEWDESC;Do you wish to request a production licence for §Y$RUNS$§W parallel production runs of §Y$NUM$§W §Y$TYPE$§W?\nWe will agree to pay §Y$PAY$§W.;Souhaitez-vous demander une licence de production pour §Y$RUNS$§W séries de production parallèle de §Y$NUM$§W §Y$TYPE$§W ?\nNous sommes prêts à payer §Y$PAY$§W.;Möchten Sie eine Baulizenz für §Y$RUNS$§W Parallelbauten von §Y$NUM$§W §Y$TYPE$§W beantragen?\nWir zahlen dafür §Y$PAY$§W.;;¿Quieres solicitar una licencia de producción para §Y$RUNS$§W una producción paralela de §Y$NUM$§W §Y$TYPE$§W?\nAccedemos a pagar §Y$PAY$§W.;;;;;;;;;x
BUYLICENCEDESC;Request to build a number of units developed by another country.;Demandez à construire un certain nombre d'unités développées par un autre pays.;Bau einer Anzahl von Einheiten beantragen, die von einem anderen Land entwickelt wurden.;;Solicitar construir una serie de unidades desarrolladas por otro país.;;;;;;;;;x
SELLLICENCETITLE;Sell Production Licence;Vendre une licence de production;Baulizenz verkaufen;;Vender licencia de producción;;;;;;;;;x
SELLLICENCENEWDESC;Do you wish to offer a production licence for §Y$RUNS$§W production runs of §Y$NUM$§W §Y$TYPE$§W?\nWe will agree to pay §Y$PAY$§W.;Souhaitez-vous proposer une licence de production pour §Y$RUNS$§W séries de §Y$NUM$§W §Y$TYPE$§W ?\nNous sommes prêts à payer §Y$PAY$§W.;Möchten Sie eine Baulizenz für §Y$RUNS$§W Parallelbauten von §Y$NUM$§W §Y$TYPE$§W anbieten?\nWir zahlen dafür §Y$PAY$§W.;;¿Quieres ofrecer una licencia de producción por §Y$RUNS$§W por un valor de producción de §Y$NUM$§W §Y$TYPE$§W?\nAccedemos a pagar §Y$PAY$§W.;;;;;;;;;x
SELLLICENCEDESC;Request to build a number of units developed by another country.;Demandez à construire un certain nombre d'unités développées par un autre pays.;Bau einer Anzahl von Einheiten beantragen, die von einem anderen Land entwickelt wurden.;;Solicitar la construcción de una serie de unidades desarrolladas por otro país.;;;;;;;;;x
BUYLICENCENONE;Select a unit to build on licence.;Choisissez une unité à construire sous licence.;Einheit auswählen, die unter Lizenz gebaut werden soll.;;Seleccionar una unidad para construir una licencia.;;;;;;;;;x
ASKBUYLICENCEREQDESC;§Y$ACTOR$§W is requesting our permission and technical expertise in producing §Y$NUM$§W units of $TYPE$§W\nFor this they are willing to pay us §Y$CASH$§W.;§Y$ACTOR$§W demande notre autorisation et une expertise technique pour la production de §Y$NUM$§W unités de $TYPE$§W\nIls sont d'accord pour nous payer §Y$CASH$§W.;§Y$ACTOR$§W fordert unsere Erlaubnis und technische Expertise für den Bau von §Y$NUM$§W Einheiten des Typs $TYPE$§W an. \nHierfür wollen sie uns §Y$CASH$§W zahlen.;;§Y$ACTOR$§W solicita nuestro permiso y conocimiento técnico para producir §Y$NUM$§W unidades de $TYPE$§W\nA cambio, están dispuestos a pagarnos §Y$CASH$§W.;;;;;;;;;x
BUYLICENCE_MPCOST;We lack the $COST$ necessary manpower;Il nous manque les $COST$ de main d'œuvre nécessaires;Wir haben nicht die nötige $COST$ Mannstärke;;Nos faltan $COST$ de recursos humanos;;;;;;;;;x
ALLOWDEBTTITLE;Allow Debt;Permettre un endettement;Verschuldung erlauben;;Permitir deuda;;;;;;;;;x
REVOKEDEBTTITLE;Revoke Debt;Révoquer la dette;Verschuldung zurücknehmen;;Revocar deuda;;;;;;;;;x
ALLOWDEBTDESC_BAD;Allow the nation to accumulate debt during wartime when trading with you.;Permettez à un pays de s'endetter pendant la guerre, lorsqu'il commerce avec vous.;Der Nation in Kriegszeiten beim Handel mit Ihnen steigende Verschuldung erlauben.;;Permitir que la nación acumule deuda durante el tiempo de guerra cuando comercie contigo.;;;;;;;;;x
REVOKEDEBTDESC;No longer allow the nation to go into debt when trading with you during wartime.;Ne permettez plus à un pays de s'endetter quand il commerce avec vous.;Der Nation beim Handel mit Ihnen keine weitere Verschuldung erlauben.;;No permitir a la nación por más tiempo que se endeude cuando comercie contigo.;;;;;;;;;x
ALLOWDEBTNEWDESC;Do you wish to request permission to accumulate debt when trading with the §Y$NAME$§W? \n This will allow us to trade at a deficit during wartime, a debt that will be repaid over §Y$YEAR$§W years when peace resumes.\nThis action will cost us §Y$COST$§W influence points.;Souhaitez-vous demander l'autorisation de vous endetter quand vous commercez avec §Y$NAME$§W ?\nCela nous permettra de commercer à perte durant la guerre, une dette qui sera payée sur §Y$YEAR$§W ans, en période de paix. Cela nous coûtera §Y$COST$§W points;Möchten Sie um Erlaubnis bitten,  beim Handel mit §Y$NAME$§W Schulden zu machen? \n Hierdurch können wir in Kriegszeiten mit einem Handelsdefizit handeln, einer Verschuldung, die nach dem Kriegsende über §Y$YEAR$§W Jahre hinweg abgezahlt wird.\nDiese Handlung wird uns §Y$COST$§W Einflusspunkte kosten.;;¿Quieres solicitar permiso para acumular deuda cuando comercies con §Y$NAME$§W? \n Esto nos permitirá comerciar con déficit durante tiempos de guerra, una deuda que se devolverá en §Y$YEAR$§W años cuando se imponga la paz.\nEsta acción nos costará §Y$COST$§W puntos de influencia.;;;;;;;;;x,,,,,,,,,,,,,,,
REVOKEDEBTNEWDESC;Do you wish revoke §Y$NAME$§W's permission to accumulated debt in their dealings with us?\nThis action will cost us §Y$COST$§W influence points.;Souhaitez-vous révoquer la permission accordée à §Y$NAME$§W de s'endetter en commerçant avec nous ?\nCette action nous coûtera §Y$COST$§W points d'influence.;Möchten Sie §Y$NAME$§Ws die Erlaubnis für steigende Verschuldung in ihren Geschäften mit uns entziehen?\nDiese Handlung wird uns §Y$COST$§W Einflusspunkte kosten.;;¿Quieres revocar a §Y$NAME$§Ws el permiso para acumular deuda en sus tratos con nosotros?\nEsta acción nos costará §Y$COST$§W puntos de influencia.;;;;;;;;;x
ASKDEBTREQDESC;§Y$ACTOR$§W is requesting to be allowed to run a debt when trading with us.\nThis means that when they trade with us during wartime, we do not get paid in cash but instead they will owe us. The debt will be paid over time after the war.\nShould we allow them this?;§Y$ACTOR$§W demande de pouvoir s'endetter en commerçant avec nous.\nCela veut dire que lorsqu'ils commercent avec nous en temps de guerre, nous ne sommes pas payés comptant. La dette sera payée, au cours des ans, après la guerre.\nDevrions-nous le leur pe;§Y$ACTOR$§W bittet um Erlaubnis, beim Handel mit uns Schulden zu machen.\nDies bedeutet, dass wir für unsere Geschäfte mit ihnen während Kriegszeiten nicht bezahlt werden, sondern sie uns das Geld schulden. Diese Schulden werden nach dem Krieg nach und nach abbezahlt.\nSollen wir ihnen das erlauben?;;§Y$ACTOR$§W solicita que le permitamos contraer una deuda cuando comercie con nosotros.\nEsto significa que si comercia con nosotros en tiempos de guerra, no nos pagarán en efectivo sino que nos lo deberán. La deuda se pagará, con el tiempo, después de la guerra.\n¿Deberíamos permitírselo?;;;;;;;;;x,,,,,,,,,,,,,,,
PEACEDESC;Offer peace with minimal border adjustments.;Faites une offre de paix avec un ajustement minimal des frontières.;Frieden mit minimalen Grenzänderungen anbieten.;;Ofrecer paz con ajustes de frontera mínimos.;;;;;;;;;x
PEACETITLE;Peace;Paix;Frieden;;Paz;;;;;;;;;x
PEACENEWDESC;Do you wish to request peace with $COUNTRY$. $SELF$?\nIf they accept, the war will end. $RESULT$;Souhaitez-vous demander la paix à $COUNTRY$. $SELF$ ?\nS'ils acceptent, la guerre sera finie. $RESULT$;Möchten Sie $COUNTRY$ um Frieden bitten, $SELF$?\nWenn sie annehmen, endet der Krieg. $RESULT$;;¿Quieres solicitar la paz a $COUNTRY$? $SELF$?\nSi aceptan, será el fin de la guerra. $RESULT$;;;;;;;;;x,,,,,,,,,,,,,,,
PEACENEWALLY;They are negotiating for their allies.;Ils négocient pour leurs alliés.;Sie verhandeln für ihre Verbündeten;;Están negociando para sus aliados.;;;;;;;;;x
PEACESELF;They are negotiating for themselves.;Ils négocient pour eux-mêmes.;Sie verhandeln für sich selbst;;Están negociando para sí mismos.;;;;;;;;;x
PEACENEWWITHE;All territory will revert to its prewar owner.;Tout le territoire retournera à son propriétaire d'avant-guerre.;Alle Gebiete gehen an ihre ursprünglichen Eignertümer zurück.;;Todo el territorio volverá a estar en manos de quien lo poseía antes de la guerra.;;;;;;;;;x
PEACENEWPROVUS;§Y$NATION$§W will cede §R;§Y$NATION$§W céderont §R;§Y$NATION$§W tritt §R ab;;§Y$NATION$§W cederá §R;;;;;;;;;x
PEACENEWPROVTHEM;§Y$NATION$§W will cede §G;§Y$NATION$§W céderont §G;§Y$NATION$§W tritt §G an ;;§Y$NATION$§W cederá §G;;;;;;;;;x
PEACETO;to §Y$REC$§W;à §Y$REC$§W;§Y$REC$§W ab;;a §Y$REC$§W;;;;;;;;;x
PEACENONE;no provinces;pas de province;keine Provinzen;;no hay provincias;;;;;;;;;x
PEACEREQDESC;$COUNTRY$ is requesting an end to hostilities. If we accept, the war will end.\n$RESULT$\nDo you wish to accept their offer?;$COUNTRY$ demande la fin des hostilités. Si nous acceptons, la guerre sera finie.\n$RESULT$\nSouhaitez-vous accepter leur offre ?;$COUNTRY$ fordert ein Ende der Feindseligkeiten. Wenn wir akzeptieren, endet der Krieg.\n$RESULT$\nMöchten Sie hr Angebot annehmen?;;$COUNTRY$ solicita poner fin a las hostilidades. Si aceptamos, la guerra acabará.\n$RESULT$\n¿Quieres aceptar su oferta?;;;;;;;;;x,,,,,,,,,,,,,,,
CONV_AT_TRADE; $CONV$ would be responsible for the convoy needed for this trade.;$CONV$ serait responsable pour le convoi nécessaire.; $CONV$ wäre verantwortlich für den erforderlichen Konvoi.;; $CONV$ sería responsable del convoy que necesitamos.;;;;;;;;;x
TRADENO_PORTS;You cannot initiate overseas trading without both partners having a port to ship it through.;Vous ne pouvez pas faire de commerce maritime si chacune des parties ne dispose pas d'un port pour livrer les marchandises.;Sie können keinen Überseehandel betreiben, wenn nicht beide teilnehmenden Länder einen Hafen haben.;;No puedes realizar comercio exterior si ambas partes no disponen de un puerto en el que los barcos atraquen.;;;;;;;;;x
PEACE_NOT_LEADER;You can only negotiate with the leader of your enemy;Vous ne pouvez négocier qu'avec le leader de votre ennemi;Sie können nur mit dem feindlichen Anführer verhandeln;;Solo puedes negociar con el líder de tu enemigo;;;;;;;;;x
PEACE_FACTION;You are both in factions, and factions fight until they surrender;Vous êtes tous les deux dans une faction, les factions combattent jusqu'à la capitulation;Sie sind beide Mitglieder von Fraktionen. Fraktionen kämpfen bis zur Kapitulation;;Ambos estáis en facciones y las facciones luchan hasta rendirse;;;;;;;;;x,,,,,,,,,,,,,,,
STOPNFLDESC;Stop Improving relations with nation.;Cesser d'améliorer les relations avec un pays.;Beziehungsverbesserungen mit dem Land beenden.;;Dejar de mejorar las relaciones con esa nación.;;;;;;;;;x
UNLIMITED;Unlimited;Illimité;Unbeschränkt;;ILIMITADO;;;;;;;;;x
STOPINFLTITLE;Stop influencing nation;Cesser d'influencer un pays;Einfluss auf das Land beenden;;Dejar de influenciar a la nación;;;;;;;;;x
STOPINFLNEWDESC;Do you wish to stop exerting influence on $RECIPIENT$?;Souhaitez-vous cesser d'exercer une influence sur $RECIPIENT$ ?;Möchten Sie den Einfluss auf $RECIPIENT$ beenden?;;¿Quieres dejar de ejercer influencia sobre $RECIPIENT$?;;;;;;;;;x
STOPINFLDESC;Stop improving relations with nation.;Cesser l'amélioration des relations avec un pays.;Beziehungsverbesserungen mit dem Land beenden.;;Cesar de mejorar relaciones con la nación.;;;;;;;;;x
INFLUENCING_WITH;Influencing;Influence;Beeinflussen;;Influenciar;;;;;;;;;x
ICON_LICENCE;Production Licence Inquiry;Requête de licence de production;Anfrage nach Baulizenz;;Investigación de licencia de producción;;;;;;;;;x
WARNE_THREAT;Mutual Threat is §Y$VAL$§W.\n;La menace réciproque est §Y$VAL$§W.\n;Gemeinsame Bedrohung: §Y$VAL$§W.\n;;La amenaza mutua es §Y$VAL$§W.\n;;;;;;;;;x
WARNE_CLAIMS;Territorial Claims: §G+$VAL$§W.\n;Revendications territoriales : §G+$VAL$§W.\n;Gebietsansprüche: §G+$VAL$§W.\n;;Reivindicaciones territoriales: §G+$VAL$§W.\n;;;;;;;;;x
WARNE_CONTINENT;Different Continent: §R-$VAL$§W.\n;Autre continent : §R-$VAL$§W.\n;Unterschiedlicher Kontinent: §R-$VAL$§W.\n;;Continente diferente: §R-$VAL$§W.\n;;;;;;;;;x
WARNE_FACTION;Member of $NAME$ : $VAL$§W.\n;Membre de $NAME$ : $VAL$§W.\n;Mitglied von $NAME$ : $VAL$§W.\n;;Miembro de $NAME$ : $VAL$§W.\n;;;;;;;;;x
ICON_ALLIANCE;An §Yalliance§W offer;Une offre d'§Yalliance§W;Ein §YBündnis§W-Angebot;Propozycja §Ysojuszu§W;Una oferta de §Yalliance§W;Un'offerta di §Yalleanza§W;§YSzövetségi§W ajánlat;Nabídka §Yaliance§W;;;;;;x
ICON_ASKMIL;A request for §YMilitary Access§W;Une requête d'§Yaccès militaire§W;Eine Anfrage nach §YMilitärzugang§W;Proœba o mo¿liwoœæ §Yprzemarszu§W;Una solicitud de §YMilitary Access§W;Una richiesta di §Yaccesso militare§W;§YKatonai hozzáférés§W kérése;Požadavek na §Yvojenský pøístup§W;;;;;;x
ICON_OFFACC;An offer of §YMilitary Access§W;Une offre d'§Yaccès militaire§W;Ein Angebot für §YMilitärzugang§W;Oferta §Yprzemarszu wojsk§W;Una oferta de §YMilitary Access§W;Un'offerta di §Yaccesso militare§W;§YKatonai hozzáférés§W felajánlása;Nabídka §Yvojenského pøístupu§W;;;;;;x
ICON_CALLALLY;A §YCall to arms from one of our allies§W;Un §Yappel aux armes d'un de nos alliés§W;Ein §YRuf zu den Waffen von einem unserer Bündnispartner§W;§YWezwanie do walki od jednego z naszych sojuszników§W;Una §YCall to arms from one of our allies§W;Una §YChiamata alle armi da uno dei nostri alleati§W;§YFegyverbe hívás§W az egyik szövetségesünktõl;§YVolání do zbranì od jednoho z našich spojencù§W;;;;;;x
ICON_TRADE;A §YTrade Offer§W;A §YProposition d'accord commercial§W;Ein §YHandelsangebot§W;;Una §YTrade Offer§W;;;;;;;;;x