MINISTER_MESSAGE_ENTRY;$TITLE$ $NAME$;$TITLE$ $NAME$;$TITLE$ $NAME$;;$TITLE$ $NAME$;;;;;;;;;X
#;;;;;;;;;;;;;;x
MINISTER_DEATH_SETUP;When a minister dies.;Lorsqu'un ministre meurt.;Wenn ein Minister stirbt.;;Cuando un ministro muere.;;;;;;;;;x
MINISTER_DEATH_HEADER;Death;Mort;Tod;;Muerte;;;;;;;;;x
MINISTER_DEATH_1;$NAME$;$NAME$ est mort.;$NAME$;;$NAME$;;;;;;;;;x
MINISTER_DEATH_2;has died. We no longer have the possibility of having $NAME$ in our cabinet.;est mort. $NAME$ ne peut plus faire partie de notre cabinet.;ist gestorben. Wir kˆnnen $NAME$ nicht l‰nger als Kabinettmitglied einsetzen.;;ha muerto. Ya no tenemos la posibilidad de que $NAME$ forme parte de nuestro gabinete.;;;;;;;;;x
MINISTER_DEATH_3;*;*;*;;*;;;;;;;;;x
MINISTER_DEATH_4;*;*;*;;*;;;;;;;;;x
MINISTER_DEATH_5;*;*;*;;*;;;;;;;;;x
MINISTER_DEATH_6;*;*;*;;*;;;;;;;;;x
MINISTER_DEATH_LOG;$MINISTERNAME$ has died.;$MINISTERNAME$ est mort.;$MINISTERNAME$ ist gestorben.;;$MINISTERNAME$ ha muerto.;;;;;;;;;x
MINISTER_DEATH_BTN1;OK;OK;OK;;Aceptar;;;;;;;;;x
MINISTER_DEATH_BTN2;OK;OK;OK;;Aceptar;;;;;;;;;x
MINISTER_DEATH_BTN3;Details;DÈtails;Details;;Detalles;;;;;;;;;x
MINISTER_DEATH_MAP;*;*;*;;*;;;;;;;;;x
MINISTER_APPOINTED_SETUP;When a new minister gets appointed;Lorsqu'un nouveau ministre est nommÈ;Wenn ein neuer Minister eingesetzt wird;;Cuando se elige un nuevo ministro.;;;;;;;;;x
MINISTER_APPOINTED_HEADER;A new minister;Le nouveau ministre;Ein neuer Minister,;;Un nuevo ministro;;;;;;;;;x
MINISTER_APPOINTED_1;$MINISTERNAME$;$MINISTERNAME$;$MINISTERNAME$,;;$MINISTERNAME$;;;;;;;;;x
MINISTER_APPOINTED_2;has been appointed to the position of $POSITION$;a ÈtÈ nommÈ au poste de $POSITION$.;wurde als $POSITION$ eingesetzt;;ha sido elegido para ocupar el cargo de $POSITION$;;;;;;;;;x
MINISTER_APPOINTED_3;$PERSONALITY_DESC$;$PERSONALITY_DESC$;$PERSONALITY_DESC$;;$PERSONALITY_DESC$;;;;;;;;;x
MINISTER_APPOINTED_4;*;*;*;;*;;;;;;;;;x
MINISTER_APPOINTED_5;*;*;*;;*;;;;;;;;;x
MINISTER_APPOINTED_6;*;*;*;;*;;;;;;;;;x
MINISTER_APPOINTED_LOG;$MINISTERNAME$ appointed role as $POSITION$.;$MINISTERNAME$ a ÈtÈ dÈsignÈ comme $POSITION$.;$MINISTERNAME$ wurde als $POSITION$ eingesetzt.;;$MINISTERNAME$ ha sido elegido como $POSITION$.;;;;;;;;;x
MINISTER_APPOINTED_BTN1;OK;OK;OK;;Aceptar;;;;;;;;;x
MINISTER_APPOINTED_BTN2;OK;OK;OK;;Aceptar;;;;;;;;;x
MINISTER_APPOINTED_BTN3;Details;DÈtails;Details;;Detalles;;;;;;;;;x
MINISTER_APPOINTED_MAP;*;*;*;;*;;;;;;;;;x
ELECTIONRESULTS_SETUP;When an election is held;Lorsque des Èlections ont lieu.;Wenn eine Wahl abgehalten wird;;Cuando se celebren elecciones.;;;;;;;;;x
ELECTIONRESULTS_HEADER;Election $ELECTION_YEAR$;…lections de $ELECTION_YEAR$;Wahl $ELECTION_YEAR$;;Elecciones $ELECTION_YEAR$;;;;;;;;;x
ELECTIONRESULTS_1;$WINNING_PARTY$;$WINNING_PARTY$;$WINNING_PARTY$;;$WINNING_PARTY$;;;;;;;;;x
ELECTIONRESULTS_2;Won the election;a gagnÈ les Èlections;Gewann die Wahl;;GanÛ las elecciones;;;;;;;;;x
ELECTIONRESULTS_3;*;*;*;;*;;;;;;;;;x
ELECTIONRESULTS_4;*;*;*;;*;;;;;;;;;x
ELECTIONRESULTS_5;*;*;*;;*;;;;;;;;;x
ELECTIONRESULTS_6;*;*;*;;*;;;;;;;;;x
ELECTIONRESULTS_LOG;$WINNING_PARTY$ won the election of $ELECTION_YEAR$.;Le $WINNING_PARTY$ a remportÈ les Èlections de $ELECTION_YEAR$.;$WINNING_PARTY$ gewann die Wahl von $ELECTION_YEAR$.;;$WINNING_PARTY$ ganÛ las elecciones de $ELECTION_YEAR$.;;;;;;;;;x
ELECTIONRESULTS_BTN1;OK;OK;OK;;Aceptar;;;;;;;;;x
ELECTIONRESULTS_BTN2;OK;OK;OK;;Aceptar;;;;;;;;;x
ELECTIONRESULTS_BTN3;Details;DÈtails;Details;;Detalles;;;;;;;;;x
ELECTIONRESULTS_MAP;*;*;*;;*;;;;;;;;;x
EVENTHAPPENOTHEROPTION_SETUP;When a historical event with multiple choices happens to another country.;Lorsqu'un ÈvÈnement historique ‡ choix multiple se produit dans un autre pays.;Wenn sich in einem anderen Land ein historisches Ereignis mit mehreren Auswahlmˆglichkeiten ereignet.;Kiedy w innym paÒstwie ma miejsce zdarzenie historyczne;A otro paÌs le ocurre un suceso histÛrico con m˙ltiples opciones.;Quando un evento storico a scelta multipla si verifica in un altro paese.;Mikor egy tˆrtÈnelmi esemÈny tˆbb lehetısÈget kÌn·l egy m·sik nemzetnek;Kdyû v jinÈ zemi dojde k historickÈ ud·losti s vÌce volbami.;;;;;;x
EVENTHAPPENOTHEROPTION_HEADER;$foreign_minister$ reports on;$foreign_minister$ a rÈdigÈ un rapport concernant :;$foreign_minister$ berichtet:;;$foreign_minister$ informa sobre;;;;;;;;;x
EVENTHAPPENOTHEROPTION_1;$COUNTRY$;$COUNTRY$.;$COUNTRY$;$COUNTRY$;$COUNTRY$;$COUNTRY$;$COUNTRY$;$COUNTRY$;;;;;;x
EVENTHAPPENOTHEROPTION_2;They tell us about the events of;Ils nous ont parlÈ de;Sie berichten uns ¸ber das Ereignis;informuje nas o wydarzeniu:;Nos informan de los eventos de;Ci parlano dei seguenti eventi:;A kˆvetkezı esemÈnyekrıl sz·molt be:;SdÏlujÌ n·m informace o ud·lostech;;;;;;x
EVENTHAPPENOTHEROPTION_3;$EVENT$;$EVENT$;$EVENT$,;$EVENT$.;$EVENT$;$EVENT$,;$EVENT$;$EVENT$;;;;;;x
EVENTHAPPENOTHEROPTION_4;among the possible options, they went with;o˘ ils ont choisi de;wobei sie von den mˆglichen Optionen;SpoúrÛd wszystkich moøliwoúci wybrano;dÛnde, entre otras opciones, decidieron;dove, tra le diverse opzioni possibili, hanno scelto;Ès a tˆbb lehetısÈg kˆz¸l a kˆvetkezıt v·lasztotta:;z dostupn˝ch moûnostÌ si vybrali;;;;;;x
EVENTHAPPENOTHEROPTION_5;$OPTION$;$OPTION$;$OPTION$;$OPTION$;$OPTION$;$OPTION$;$OPTION$;$OPTION$;;;;;;x
EVENTHAPPENOTHEROPTION_6;as their choice of action.;comme action ‡ entreprendre parmi les options possibles.;gew‰hlt haben.;jako opcjÍ dzia≥ania.;como curso de la de acciÛn.;.;Ès cselekedett is.;jako svoji volbu.;;;;;;x
EVENTHAPPENOTHEROPTION_LOG;Event: '$OPTION$' in '$EVENT$' for $COUNTRY$.;…vÈnement : $COUNTRY$ a dÈcidÈ de '$OPTION$' pendant '$EVENT$'.;Ereignis: $OPTION$ in $EVENT$ f¸r $COUNTRY$.;$COUNTRY$. $EVENT$. $OPTION$;Suceso: '$OPTION$' en '$EVENT$' para $COUNTRY$.;Evento: $OPTION$ per $EVENT$ in $COUNTRY$.;EsemÈny: $COUNTRY$ nemzete a/az $OPTION$ lehetısÈget v·lasztotta erre az esemÈnyre v·laszolva: $EVENT$.;Ud·lost: $OPTION$ v $EVENT$ pro $COUNTRY$.;;;;;;x
EVENTHAPPENOTHEROPTION_BTN1;OK;OK;OK;OK;Aceptar;OK;Rendben;OK;;;;;;x
EVENTHAPPENOTHEROPTION_BTN2;OK;OK;OK;OK;Aceptar;OK;Rendben;OK;;;;;;x
EVENTHAPPENOTHEROPTION_BTN3;GOTO;ALLER ¿;Gehe zu;IDù DO;Ir allÌ;ANDARE;Menj ide:;PÿEJÕT NA;;;;;;x
EVENTHAPPENOTHEROPTION_MAP;*;*;*;*;*;*;*;;;;;;;x
EVENTHAPPENOTHER_SETUP;When a historical event with a single choice happens to another country.;Lorsqu'un ÈvÈnement historique ‡ choix unique a lieu dans un autre pays.;Wenn sich in einem anderen Land etwas Historisches mit nur einer Auswahlmˆglichkeit ereignet Ö ;Kiedy w innym kraju ma miejsce historyczne wydarzenie z jedynπ moøliwπ opcjπ wyboru;A otro paÌs le ocurre un suceso histÛrico con una ˙nica opciÛn.;Quando un evento storico a scelta singola si verifica in un altro paese.;Mikor egy tˆrtÈnelmi esemÈny kˆvetkezmÈnyekÈnt csak egy v·laszt·si lehetısÈge van egy m·sik orsz·gnak.;Kdyû v jinÈ zemi dojde k historickÈ ud·losti s jednou volbou.;;;;;;x
EVENTHAPPENOTHER_HEADER;$foreign_minister$ reports on;$foreign_minister$ a rÈdigÈ un rapport concernant :;$foreign_minister$ berichtet:;;$foreign_minister$ informa sobre;;;;;;;;;x
EVENTHAPPENOTHER_1;$COUNTRY$;$COUNTRY$.;$COUNTRY$;$COUNTRY$;$COUNTRY$;$COUNTRY$;$COUNTRY$;$COUNTRY$;;;;;;x
EVENTHAPPENOTHER_2;They tell us about the events of;Ils nous ont parlÈ de;Sie berichten uns ¸ber das Ereignis;informuje nas o wydarzeniu:;Nos informan de los eventos de;Ci parlano dei seguenti eventi:;A kˆvetkezı esemÈnyekrıl sz·molt be:;SdÏlujÌ n·m informace o ud·lostech;;;;;;x
EVENTHAPPENOTHER_3;$EVENT$;$EVENT$;$EVENT$;$EVENT$;$EVENT$;$EVENT$,;$EVENT$;$EVENT$;;;;;;x
EVENTHAPPENOTHER_4;which has happened to their country recently.;qui a rÈcemment eu lieu dans ce pays.;das sich neulich in ihrem Land ereignet hat.;, ktÛre mia≥o miejsce niedawno w ich paÒstwie.;que han ocurrido recientemente en su paÌs.;verificatisi nel loro paese di recente.;ami nemrÈg tˆrtÈnt az orsz·gukban.;kterÈ se pr·vÏ odehr·ly v jejich zemi.;;;;;;x
EVENTHAPPENOTHER_5;*;*;*;*;*;*;*;;;;;;;x
EVENTHAPPENOTHER_6;*;*;*;*;*;*;*;;;;;;;x
EVENTHAPPENOTHER_LOG;Event: '$EVENT$' in $COUNTRY$.;…vÈnement : '$EVENT$', $COUNTRY$.;Ereignis: $EVENT$ in $COUNTRY$.;$COUNTRY$. $EVENT$.;Suceso: '$EVENT$' en $COUNTRY$.;Evento: $EVENT$ in $COUNTRY$.;EsemÈny: $EVENT$ $COUNTRY$ nemzetÈnÈl.;Ud·lost: $EVENT$ v $COUNTRY$.;;;;;;x
EVENTHAPPENOTHER_BTN1;OK;OK;OK;OK;Aceptar;OK;Rendben;OK;;;;;;x
EVENTHAPPENOTHER_BTN2;OK;OK;OK;OK;Aceptar;OK;Rendben;OK;;;;;;x
EVENTHAPPENOTHER_BTN3;*;*;*;*;*;*;*;;;;;;;x
EVENTHAPPENOTHER_MAP;*;*;*;*;*;*;*;;;;;;;x
EVENTHAPPENUS_SETUP;When a historical event happens to us.;Lorsqu'un ÈvÈnement historique se produit pour nous.;Wenn sich bei uns ein historisches Ereignis abspielt.;Kiedy wydarzenie historyczne ma miejsce w naszym paÒstwie;Cuando nos ocurra un suceso histÛrico.;Quando un evento storico si verifica da noi.;Mikor egy tˆrtÈnelmi esemÈny n·lunk kˆvetkezik be;Kdyû se u n·s odehraje historick· ud·lost.;;;;;;x
EVENTHAPPENUS_HEADER;$foreign_minister$ reports on;$foreign_minister$ a rÈdigÈ un rapport concernant;$foreign_minister$ berichtet:;;$foreign_minister$ informa sobre;;;;;;;;;x
EVENTHAPPENUS_1;$EVENT$;$EVENT$;$EVENT$;$EVENT$;$EVENT$;$EVENT$;$EVENT$;$EVENT$;;;;;;x
EVENTHAPPENUS_2;happened;qui s'est produit;ist bei uns; - to zdarzy≥o siÍ;que nos ha sucedido;si Ë verificato;tˆrtÈnt;stalo se;;;;;;x
EVENTHAPPENUS_3;to us.;pour nous.;eingetreten.;u nas.;a nosotros.;a noi.;n·lunk.;n·m.;;;;;;x
EVENTHAPPENUS_4;*;*;*;*;*;*;*;;;;;;;x
EVENTHAPPENUS_5;*;*;*;*;*;*;*;;;;;;;x
EVENTHAPPENUS_6;*;*;*;*;*;*;*;;;;;;;x
EVENTHAPPENUS_LOG;Event: '$EVENT$' for player.;…vÈnement : '$EVENT$' pour le joueur.;Ereignis: $EVENT$ f¸r Spieler.;Wydarzenie: $EVENT$ dla gracza.;Evento: '$EVENT$' para el jugador.;Evento: $EVENT$ per il giocatore.;EsemÈny: $EVENT$ a j·tÈkosn·l.;Ud·lost: $EVENT$ pro hr·Ëe.;;;;;;x
EVENTHAPPENUS_BTN1;OK;OK;OK;OK;Aceptar;OK;Rendben;OK;;;;;;x
EVENTHAPPENUS_BTN2;OK;OK;OK;OK;Aceptar;OK;Rendben;OK;;;;;;x
EVENTHAPPENUS_BTN3;*;*;*;*;*;*;*;;;;;;;x
EVENTHAPPENUS_MAP;*;*;*;*;*;*;*;;;;;;;x
DECISIONOTHER_SETUP;When another country executes a decision.;Lorsqu'un autre pays applique une dÈcision.;Wenn ein anderes Land eine Entscheidung ausf¸hrt.;;Cuando otro paÌs ejecuta una decisiÛn.;;;;;;;;;x
DECISIONOTHER_HEADER;$foreign_minister$ reports on;$foreign_minister$ a rÈdigÈ un rapport concernant :;$foreign_minister$ berichtet:;;$foreign_minister$ informa sobre;;;;;;;;;x
DECISIONOTHER_1;$COUNTRY$;$COUNTRY$.;$COUNTRY$;$COUNTRY$;$COUNTRY$;$COUNTRY$;$COUNTRY$;$COUNTRY$;;;;;;x
DECISIONOTHER_2;They have decided: ;Ils ont dÈcidÈ de;In ihrem Reich ereignete sich k¸rzlich;;°Han decidido;;;;;;;;;x
DECISIONOTHER_3;$EVENT$!;$EVENT$!;$EVENT$!;$EVENT$!;$EVENT$!;$EVENT$!;$EVENT$!;$EVENT$!;;;;;;x
DECISIONOTHER_4;$DESC$;$DESC$;$DESC$;$DESC$;$DESC$;$DESC$;$DESC$;;;;;;;x
DECISIONOTHER_5;*;*;*;*;*;*;*;;;;;;;x
DECISIONOTHER_6;*;*;*;*;*;*;*;;;;;;;x
DECISIONOTHER_LOG;Decision: $EVENT$ in $COUNTRY$.;DÈcision : $COUNTRY$ a dÈcidÈ de $EVENT$.;Entscheidung: $EVENT$ in $COUNTRY$.;;DecisiÛn: $EVENT$ en $COUNTRY$.;;;;;;;;;x
DECISIONOTHER_BTN1;OK;OK;OK;OK;Aceptar;OK;Rendben;OK;;;;;;x
DECISIONOTHER_BTN2;OK;OK;OK;OK;Aceptar;OK;Rendben;OK;;;;;;x
DECISIONOTHER_BTN3;*;*;*;*;*;*;*;;;;;;;x
DECISIONOTHER_MAP;*;*;*;*;*;*;*;;;;;;;x
DECISIONUS_SETUP;When we execute a decision.;Lorsque nous appliquons une dÈcision.;Wenn wir eine Entscheidung ausf¸hren.;;Cuando ejecutamos una decisiÛn.;;;;;;;;;x
DECISIONUS_HEADER;$foreign_minister$ reports on;$foreign_minister$ a rÈdigÈ un rapport concernant;$foreign_minister$ berichtet:;;°$foreign_minister$ informa sobre;;;;;;;;;x
DECISIONUS_1;$EVENT$!;$EVENT$!;$EVENT$!;$EVENT$!;$EVENT$!;$EVENT$!;$EVENT$!;$EVENT$!;;;;;;x
DECISIONUS_2;$DESC$;$DESC$;$DESC$;;$DESC$;;;;;;;;;x
DECISIONUS_3;*;*;*;*;*;*;*;;;;;;;x
DECISIONUS_4;*;*;*;*;*;*;*;;;;;;;x
DECISIONUS_5;*;*;*;*;*;*;*;;;;;;;x
DECISIONUS_6;*;*;*;*;*;*;*;;;;;;;x
DECISIONUS_LOG;Decision: $EVENT$ for player.;DÈcision : $EVENT$ pour le joueur.;Entscheidung: $EVENT$ f¸r Spieler.;;DecisiÛn: $EVENT$ para el jugador.;;;;;;;;;x
DECISIONUS_BTN1;OK;OK;OK;OK;Aceptar;OK;Rendben;OK;;;;;;x
DECISIONUS_BTN2;OK;OK;OK;OK;Aceptar;OK;Rendben;OK;;;;;;x
DECISIONUS_BTN3;*;*;*;*;*;*;*;;;;;;;x
DECISIONUS_MAP;*;*;*;*;*;*;*;;;;;;;x
LAW_APPOINTED_SETUP;When a new law is enacted.;Lorsqu'une nouvelle loi entre en vigueur.;Wenn ein neues Gesetz verabschiedet wird.;;Cuando se promulga una nueva ley.;;;;;;;;;x
LAW_APPOINTED_HEADER;New law Enacted;Nouvelle loi en vigueur;Neues Gesetz verabschiedet;;Nueva ley promulgada;;;;;;;;;x
LAW_APPOINTED_1;$LAWNAME$;$LAWNAME$;$LAWNAME$;;$LAWNAME$;;;;;;;;;x
LAW_APPOINTED_2;has been enacted as our new $POSITION$;a ÈtÈ dÈcrÈtÈe nouvelle $POSITION$;wurde als neues Gesetz f¸r $POSITION$ verabschiedet;;se ha promulgado como nuestra nueva $POSITION$;;;;;;;;;x
LAW_APPOINTED_3;*;*;*;;*;;;;;;;;;x
LAW_APPOINTED_4;$EFFECT$\n$DESC$;$EFFECT$\n$DESC$;$EFFECT$\n$DESC$;;$EFFECT$\n$DESC$;;;;;;;;;x
LAW_APPOINTED_5;*;*;*;;*;;;;;;;;;x
LAW_APPOINTED_6;*;*;*;;*;;;;;;;;;x
LAW_APPOINTED_LOG;We enacted $LAWNAME$ as our $POSITION$.;Nous avons dÈcrÈrÈ $LAWNAME$ comme Ètant notre $POSITION$.;Wir haben $LAWNAME$ als neues Gesetz f¸r $POSITION$ verabschiedet.;;Hemos promulgado $LAWNAME$ como nuestra $POSITION$.;;;;;;;;;x
LAW_APPOINTED_BTN1;OK;OK;OK;;Aceptar;;;;;;;;;x
LAW_APPOINTED_BTN2;OK;OK;OK;;Aceptar;;;;;;;;;x
LAW_APPOINTED_BTN3;Details;DÈtails;Details;;Detalles;;;;;;;;;x
LAW_APPOINTED_MAP;*;*;*;;*;;;;;;;;;x
TECH_ONCE_SETUP;When a major technology has been researched.;Lorsqu'une technologie importante a ÈtÈ ÈtudiÈe.;Wenn eine Schl¸sseltechnologie erforscht wurde.;;Cuando se haya desarrollado una tecnologÌa principal.;;;;;;;;;x
TECH_ONCE_HEADER;Major Technology Researched.;Une technologie majeure a ÈtÈ ÈtudiÈe.;Schl¸sseltechnologie erforscht.;;TecnologÌa principal desarrollada.;;;;;;;;;x
TECH_ONCE_1;$TYPE$;$TYPE$;$TYPE$;;$TYPE$;;;;;;;;;x
TECH_ONCE_2;$TITLE$, we have finished the research of $TYPE$ which will give us the following benefits.;$TITLE$, nous avons terminÈ la recherche de : $TYPE$, ce qui nous donnera les avantages suivants.;$TITLE$, wir haben die Erforschung von $TYPE$ abgeschlossen, die uns die folgenden Vorz¸ge bietet.;;$TITLE$, hemos finalizado la investigaciÛn sobre $TYPE$ que nos proporcionar· los siguientes beneficios.;;;;;;;;;x
TECH_ONCE_3;$EFFECT$;$EFFECT$;$EFFECT$;;$EFFECT$;;;;;;;;;x
TECH_ONCE_4;*;*;*;;*;;;;;;;;;x
TECH_ONCE_5;*;*;*;;*;;;;;;;;;x
TECH_ONCE_6;*;*;*;;*;;;;;;;;;x
TECH_ONCE_LOG;Research of $TYPE$ finished.;La recherche de $TYPE$ est terminÈe.;Forschung an $TYPE$ abgeschlossen.;;InvestigaciÛn sobre $TYPE$ finalizada.;;;;;;;;;x
TECH_ONCE_BTN1;OK;OK;OK;;Aceptar;;;;;;;;;x
TECH_ONCE_BTN2;OK;OK;OK;;Aceptar;;;;;;;;;x
TECH_ONCE_BTN3;Details;DÈtails;Details;;Detalles;;;;;;;;;x
TECH_ONCE_MAP;*;*;*;;*;;;;;;;;;x
TECH_REPEAT_SETUP;When you have increased your technological ability.;Lorsque vos compÈtences technologiques augmentent.;Wenn Sie Ihre technologische F‰higkeiten verbessert haben.;;Cuando aumente tu habilidad tecnolÛgica.;;;;;;;;;x
TECH_REPEAT_HEADER;Technology Improvement;AmÈlioration de la technologie;Technologieverbesserung;;Mejoras tecnolÛgicas;;;;;;;;;x
TECH_REPEAT_1;$TYPE$ Advance!;$TYPE$ amÈliorÈs!;$TYPE$ verbessert!;;°Avances en $TYPE$!;;;;;;;;;x
TECH_REPEAT_2;$TITLE$, we have improved our abilities in $TYPE$ to level $LEVEL$, giving us the following benefit.;$TITLE$, nos compÈtences $TYPE$ se sont amÈliorÈes et sont maintenant de niveau $LEVEL$, ce qui nous donne l'avantage suivant.;$TITLE$, wir haben unsere F‰higkeiten in ;;$TITLE$, hemos mejorado nuestras habilidades en $TYPE$ hasta el nivel $LEVEL$, lo que nos da los siguientes beneficios.;;;;;;;;;x
TECH_REPEAT_3;$EFFECT$;$EFFECT$;$TYPE$ auf Stufe $LEVEL$ erhˆht, was uns nun die folgenden Vorz¸ge bietet:;;$EFFECT$;;;;;;;;;x
TECH_REPEAT_4;*;*;$EFFECT$;;*;;;;;;;;;x
TECH_REPEAT_5;*;*;*;;*;;;;;;;;;x
TECH_REPEAT_6;*;*;*;;*;;;;;;;;;x
TECH_REPEAT_LOG;$TYPE$ increased to $LEVEL$;$TYPE$ augmentÈs ‡ $LEVEL$;$TYPE$ erhˆht auf $LEVEL$;;$TYPE$ ha aumentado hasta $LEVEL$;;;;;;;;;x
TECH_REPEAT_BTN1;OK;OK;OK;;Aceptar;;;;;;;;;x
TECH_REPEAT_BTN2;OK;OK;OK;;Aceptar;;;;;;;;;x
TECH_REPEAT_BTN3;Details;DÈtails;Details;;Detalles;;;;;;;;;x
TECH_REPEAT_MAP;*;*;*;;*;;;;;;;;;x
WE_NUKE_SETUP;When we drop a nuke on an enemy province.;Lorsque nous larguons une bombe sur une province ennemie.;Wenn wir eine Atombombe auf eine feindliche Provinz abwerfen.;;Cuando lancemos un ataque nuclear sobre una provincia enemiga.;;;;;;;;;x
WE_NUKE_HEADER;We have dropped a;Nous avons larguÈ une;Wir haben eine;;Hemos lanzado una;;;;;;;;;x
WE_NUKE_1;Nuclear bomb on $PROV$;bombe atomique sur la province : $PROV$;Atombombe auf $PROV$ abgeworfen;;bomba nuclear sobre $PROV$;;;;;;;;;x
WE_NUKE_2;$TITLE$, we can report we have successfully dropped a nuclear bomb on $PROV$. This has destroyed most of the industry and killed many people.;$TITLE$, nous vous signalons la rÈussite du largage d'une bombe atomique sur la province : $PROV$. Ceci a dÈtruit la plupart de l'industrie et a fait de nombreuses victimes.;$TITLE$, wir kˆnnen vermelden, erfolgreich eine Atombombe auf $PROV$ abgeworfen zu haben. Diese hat den grˆﬂten Teil der Industrie zerstˆrt und viele Menschen getˆtet.;;$TITLE$, podemos informar de que hemos lanzado una bomba nuclear con Èxito sobre $PROV$. Esto ha destruido la mayorÌa de la industria y ha matado a mucha gente.;;;;;;;;;x
WE_NUKE_3;The national unity of $TARGET$ has dropped by $IMPACT$.;L'unitÈ nationale de : $TARGET$ a chutÈ de $IMPACT$.;Der nationale Zusammenhalt von $TARGET$ ist um $IMPACT$ gesunken.;;La unidad nacional de $TARGET$ ha caÌdo en $IMPACT$.;;;;;;;;;x
WE_NUKE_4;*;*;*;;*;;;;;;;;;x
WE_NUKE_5;*;*;*;;*;;;;;;;;;x
WE_NUKE_6;*;*;*;;*;;;;;;;;;x
WE_NUKE_LOG;We nuked $PROV$, reducing $TARGET$'s national unity by $IMPACT$.;Nous avons atomisÈ la province : $PROV$, ce qui a rÈduit l'unitÈ nationale de : $TARGET$ de $IMPACT$.;Wir haben eine Atombombe auf $PROV$ abgeworfen und damit $TARGET$s nationalen Zusammenhalt um $IMPACT$ gesenkt.;;Hemos lanzado un ataque nuclear sobre $PROV$, reduciendo la unidad nacional de $TARGET$ en $IMPACT$.;;;;;;;;;x
WE_NUKE_BTN1;OK;OK;OK;;Aceptar;;;;;;;;;x
WE_NUKE_BTN2;OK;OK;OK;;Aceptar;;;;;;;;;x
WE_NUKE_BTN3;Details;DÈtails;Details;;Detalles;;;;;;;;;x
WE_NUKE_MAP;Nuclear Attack!;*;*;;*;;;;;;;;;x
NUKE_ON_US_SETUP;When someone drops a nuke on one of our provinces.;Lorsque quelqu'un largue une bombe atomique sur l'une de nos provinces.;Wenn jemand eine Atombombe auf eine unserer Provinzen abwirft.;;Cuando lancen un ataque nuclear sobre una de nuestras provincias.;;;;;;;;;x
NUKE_ON_US_HEADER;$EVIL$ has dropped a;$EVIL$ a larguÈ une;$EVIL$ hat eine;;$EVIL$ ha lanzado una;;;;;;;;;x
NUKE_ON_US_1;Nuclear bomb on $PROV$;bombe atomique sur la province : $PROV$;Atombombe auf $PROV$ abgeworfen;;bomba nuclear sobre $PROV$;;;;;;;;;x
NUKE_ON_US_2;$TITLE$, we are shocked to report that $EVIL$ have dropped a nuclear bomb on $PROV$. This has destroyed most of the industry and killed many people.;$TITLE$, nous sommes navrÈs de vous apprendre que $EVIL$ a larguÈ une bombe atomique sur $PROV$. Ceci a dÈtruit la plupart de l'industrie et a fait de nombreuses victimes.;$TITLE$, wir m¸ssen leider berichten, dass $EVIL$ eine Atombombe auf $PROV$ abgeworfen hat. Diese hat den grˆﬂten Teil der Industrie zerstˆrt und viele Menschen getˆtet.;;$TITLE$, nos entristece informar que $EVIL$ ha lanzado una bomba nuclear sobre $PROV$. Esto ha destruido la mayorÌa de la industria y ha matado a mucha gente.;;;;;;;;;x
NUKE_ON_US_3;Our national unity has dropped by $IMPACT$.;Notre unitÈ nationale a chutÈ de $IMPACT$.;Unser nationaler Zusammenhalt ist um $IMPACT$ gesunken.;;Nuestra unidad nacional ha caÌdo en $IMPACT$.;;;;;;;;;x
NUKE_ON_US_4;*;*;*;;*;;;;;;;;;x
NUKE_ON_US_5;*;*;*;;*;;;;;;;;;x
NUKE_ON_US_6;*;*;*;;*;;;;;;;;;x
NUKE_ON_US_LOG;$EVIL$ nuked $PROV$, reducing our national unity by $IMPACT$.;$EVIL$ a atomisÈ $PROV$, ce qui a rÈduit notre unitÈ nationale de $IMPACT$.;$EVIL$ hat eine Atombombe auf $PROV$ abgeworfen, was unseren nationalen Zusammenhalt um $IMPACT$ gesenkt hat.;;$EVIL$ lanzÛ un ataque nuclear sobre $PROV$, reduciendo nuestra unidad nacional en $IMPACT$.;;;;;;;;;x
NUKE_ON_US_BTN1;OK;OK;OK;;Aceptar;;;;;;;;;x
NUKE_ON_US_BTN2;OK;OK;OK;;Aceptar;;;;;;;;;x
NUKE_ON_US_BTN3;Details;DÈtails;Details;;Detalles;;;;;;;;;x
NUKE_ON_US_MAP;Nuclear Attack!;*;*;;*;;;;;;;;;x
NUKE_ON_OTHER_SETUP;When someone else drops a nuke on an enemy province.;Lorsque quelqu'un d'autre largue une bombe atomique sur une province ennemie.;Wenn jemand anderes eine Atombombe auf eine feindliche Provinz abwirft.;;Cuando alguien lance un ataque nuclear sobre una provincia enemiga.;;;;;;;;;x
NUKE_ON_OTHER_HEADER;$EVIL$ has dropped a;$EVIL$ a larguÈ une;$EVIL$ hat eine;;$EVIL$ ha lanzado una;;;;;;;;;x
NUKE_ON_OTHER_1;Nuclear bomb on $PROV$;bombe atomique sur $PROV$;Atombombe auf $PROV$ abgeworfen;;bomba nuclear sobre $PROV$;;;;;;;;;x
NUKE_ON_OTHER_2;$TITLE$, we can report that $EVIL$ have dropped a nuclear bomb on $PROV$. This has destroyed most of the industry and killed many people.;$TITLE$, nous vous informons que $EVIL$ a larguÈ une bombe atomique sur $PROV$. Ceci a dÈtruit la plupart de l'industrie et a fait de nombreuses victimes.;$TITLE$, wir berichten, dass $EVIL$ eine Atombombe auf $PROV$ abgeworfen hat. Diese hat den grˆﬂten Teil der Industrie zerstˆrt und viele Menschen getˆtet.;;$TITLE$, podemos informar que $EVIL$ ha lanzado una bomba nuclear sobre $PROV$. Esto ha destruido la mayorÌa de la industria y ha matado a mucha gente.;;;;;;;;;x
NUKE_ON_OTHER_3;The national unity of $TARGET$ has dropped by $IMPACT$.;L'unitÈ nationale de $TARGET$ a chutÈ de $IMPACT$.;Der nationale Zusammenhalt von $TARGET$ ist um $IMPACT$ gesunken.;;La unidad nacional de $TARGET$ ha caÌdo en $IMPACT$.;;;;;;;;;x
NUKE_ON_OTHER_4;*;*;*;;*;;;;;;;;;x
NUKE_ON_OTHER_5;*;*;*;;*;;;;;;;;;x
NUKE_ON_OTHER_6;*;*;*;;*;;;;;;;;;x
NUKE_ON_OTHER_LOG;$EVIL$ nuked $PROV$, reducing $TARGET$'s national unity by $IMPACT$.;$EVIL$ a atomisÈ $PROV$, ce qui a rÈduit de $IMPACT$ l'unitÈ nationale de $TARGET$.;$EVIL$ hat eine Atombombe auf $PROV$ abgeworfen und damit $TARGET$s nationalen Zusammenhalt um $IMPACT$ gesenkt.;;$EVIL$ ha lanzado un ataque nuclear sobre $PROV$, reduciendo la unidad nacional de $TARGET$ en $IMPACT$.;;;;;;;;;x
NUKE_ON_OTHER_BTN1;OK;OK;OK;;Aceptar;;;;;;;;;x
NUKE_ON_OTHER_BTN2;OK;OK;OK;;Aceptar;;;;;;;;;x
NUKE_ON_OTHER_BTN3;Details;DÈtails;Details;;Detalles;;;;;;;;;x
NUKE_ON_OTHER_MAP;Nuclear Attack!;*;*;;*;;;;;;;;;x
WE_ATTACK_CONVOY_SETUP;When we attack a convoy.;Lorsque nous attaquons un convoi.;Wenn wir einen Konvoi angreifen.;;Cuando atacamos un convoy.;;;;;;;;;x
WE_ATTACK_CONVOY_HEADER;Our convoy-raiders have caught a convoy, and attacked it in;Nos intercepteurs ont surpris un convoi et l'ont attaquÈ dans la province :;Unsere Handelszerstˆrer haben einen Konvoi in;;Nuestros atacantes a convoyes han atrapado uno y lo han atacado en;;;;;;;;;x
WE_ATTACK_CONVOY_1;$PROV$;$PROV$.;$PROV$ gestellt und angegriffen;;$PROV$;;;;;;;;;x
WE_ATTACK_CONVOY_2;$TITLE$, we can report that we have managed to sink;$TITLE$, nous vous informons que nous avons rÈussi ‡ couler;$TITLE$, wir kˆnnen vermelden, dass wir;;$TITLE$, podemos informar que hemos logrado hundir;;;;;;;;;x
WE_ATTACK_CONVOY_3;$TRANSPORTS$ transport(s) and $ESCORTS$ escort(s).;$TRANSPORTS$ navire(s) de transport et $ESCORTS$ escorte(s).;$TRANSPORTS$ Transporter und $ESCORTS$ Geleitschiff(e) versenken konnten.;;$TRANSPORTS$ transporte(s) y $ESCORTS$ escolta(s).;;;;;;;;;x
WE_ATTACK_CONVOY_4;This convoy was on the $CONVOY$ route.;Ce convoi a croisÈ la route de : $CONVOY$.;Dieser Konvoi war auf der $CONVOY$-Route.;;Este convoy estaba en la ruta $CONVOY$.;;;;;;;;;x
WE_ATTACK_CONVOY_5;*;*;*;;*;;;;;;;;;x
WE_ATTACK_CONVOY_6;*;*;*;;*;;;;;;;;;x
WE_ATTACK_CONVOY_LOG;We sink $TRANSPORTS$ transport(s) and $ESCORTS$ escort(s) in $PROV$ on the $CONVOY$ convoy.;Nous avons coulÈ $TRANSPORTS$ navire(s) de transport et $ESCORTS$ escorte(s) du convoi : $CONVOY$ dans la province : $PROV$.;Wir versenken $TRANSPORTS$ Transporter und $ESCORTS$ Geleitschiff(e) des $CONVOY$ Konvoi in $PROV$.;;Hundimos $TRANSPORTS$ transporte(s) y $ESCORTS$ escolta(s) en $PROV$ en el convoy $CONVOY$.;;;;;;;;;x
WE_ATTACK_CONVOY_BTN1;OK;OK;OK;;Aceptar;;;;;;;;;x
WE_ATTACK_CONVOY_BTN2;OK;OK;OK;;Aceptar;;;;;;;;;x
WE_ATTACK_CONVOY_BTN3;Goto;DÈtails;Details;;Detalles;;;;;;;;;x
WE_ATTACK_CONVOY_MAP;Convoy Engaged!;*;*;;*;;;;;;;;;x
CONVOY_ATTACK_ON_US_SETUP;When one of our convoys is under attack;Lorsque l'un de nos convois subit une attaque.;Wenn einer unserer Konvois angegriffen wird;;Cuando una de nuestros convoyes estÈ siendo atacado.;;;;;;;;;x
CONVOY_ATTACK_ON_US_HEADER;Convoy under attack in;Un convoi a ÈtÈ attaquÈ dans la province :;Konvoi wird angegriffen in;;Convoy bajo ataque en;;;;;;;;;x
CONVOY_ATTACK_ON_US_1;$PROV$;$PROV$.;$PROV$;;$PROV$;;;;;;;;;x
CONVOY_ATTACK_ON_US_2;$TITLE$, we can report that our $CONVOY$ convoy has been under attack and lost;$TITLE$, nous vous informons que notre convoi $CONVOY$ a ÈtÈ attaquÈ et que;$TITLE$, wir m¸ssen leider melden, dass unser $CONVOY$ Konvoi angegriffen wurde und;;$TITLE$, podemos informar que nuestro convoy $CONVOY$ ha sido atacado y se han perdido;;;;;;;;;x
CONVOY_ATTACK_ON_US_3;$TRANSPORTS$ transport(s) and $ESCORTS$ escort(s).;$TRANSPORTS$ navire(s) de transport et $ESCORTS$ escorte(s) ont ÈtÈ perdue(s).;$TRANSPORTS$ Transporter und $ESCORTS$ Geleitschiff(e) verlor.;;$TRANSPORTS$ transporte(s) y $ESCORTS$ escolta(s).;;;;;;;;;x
CONVOY_ATTACK_ON_US_4;*;*;*;;*;;;;;;;;;x
CONVOY_ATTACK_ON_US_5;*;*;*;;*;;;;;;;;;x
CONVOY_ATTACK_ON_US_6;*;*;*;;*;;;;;;;;;x
CONVOY_ATTACK_ON_US_LOG;The $CONVOY$ convoy lost $TRANSPORTS$ transport(s) and $ESCORTS$ escort(s) in $PROV$.;$TRANSPORTS$ navire(s) de transport et $ESCORTS$ escorte(s) ont ÈtÈ perdus dans la province : $PROV$.;Der $CONVOY$ Konvoi verlor $TRANSPORTS$ Transporter und $ESCORTS$ Geleitschiff(e) in $PROV$.;;El convoy $CONVOY$ perdiÛ $TRANSPORTS$ transporte(s) y $ESCORTS$ escolta(s) en $PROV$.;;;;;;;;;x
CONVOY_ATTACK_ON_US_BTN1;OK;OK;OK;;Aceptar;;;;;;;;;x
CONVOY_ATTACK_ON_US_BTN2;OK;OK;OK;;Aceptar;;;;;;;;;x
CONVOY_ATTACK_ON_US_BTN3;Goto;DÈtails;Details;;Detalles;;;;;;;;;x
CONVOY_ATTACK_ON_US_MAP;Convoy under attack!;Convoi attaquÈ!;Konvoi wird angegriffen!;;°Convoy bajo ataque!;;;;;;;;;x
WE_MOBILIZE_SETUP;When we mobilize in preparation of war.;Lorsque nous mobilisons pour prÈparer une guerre.;Wenn wir f¸r den Krieg mobilisieren.;;Cuando nos movilizamos en preparaciÛn de una guerra.;;;;;;;;;x
WE_MOBILIZE_HEADER;We have set in motion to;Nous avons dÈclenchÈ la;Mobilisierung;;Hemos empezado a;;;;;;;;;x
WE_MOBILIZE_1;MOBILIZE;MOBILISATION;Wir haben die Mobilmachung ;;MOVILIZAR;;;;;;;;;x
WE_MOBILIZE_2;our armed forces, and we will soon be able to field a strong army. However, this will be seen as a threatening move by our potential enemies.;de nos forces armÈes et nous serons bientÙt en mesure de rÈunir une armÈe puissante. Cela sera cependant considÈrÈ comme un geste menaÁant par nos ennemis potentiels.;unserer Streitkr‰fte beschlossen und werden bald eine starke Armee aufgestellt haben. Dies wird allerdings von unseren mˆglichen Feinden als Bedrohung angesehen werden.;;nuestras fuerzas armadas y pronto seremos capaces de desplegar un poderoso ejÈrcito. Desgraciadamente, esto ser· visto como un movimiento amenazador por nuestros enemigos potenciales.;;;;;;;;;x
WE_MOBILIZE_3;*;*;*;;*;;;;;;;;;x
WE_MOBILIZE_4;*;*;*;;*;;;;;;;;;x
WE_MOBILIZE_5;*;*;*;;*;;;;;;;;;x
WE_MOBILIZE_6;*;*;*;;*;;;;;;;;;x
WE_MOBILIZE_LOG;We have started to mobilize our reserves.;Nous avons commencÈ ‡ mobiliser nos rÈserves.;Wir haben begonnen, unsere Reserven zu mobilisieren.;;Hemos comenzado a movilizar nuestras reservas.;;;;;;;;;x
WE_MOBILIZE_BTN1;OK;OK;OK;;Aceptar;;;;;;;;;x
WE_MOBILIZE_BTN2;OK;OK;OK;;Aceptar;;;;;;;;;x
WE_MOBILIZE_BTN3;Details;DÈtails;Details;;Detalles;;;;;;;;;x
WE_MOBILIZE_MAP;*;*;*;;*;;;;;;;;;x
WE_DEMOBILIZE_SETUP;When we decide to demobilize.;Lorsque nous dÈcidons de dÈmobiliser.;Wenn wir die Demobilisierung beschlieﬂen.;;Cuando decidimos desmovilizarnos.;;;;;;;;;x
WE_DEMOBILIZE_HEADER;We have decided to;Nous avons dÈcidÈ de;Demobilisierung;;°Hemos decidido;;;;;;;;;x
WE_DEMOBILIZE_1;DEMOBILIZE;D…MOBILISER;Wir haben die Demobilisierung;;DESMOVILIZAR;;;;;;;;;x
WE_DEMOBILIZE_2;our armed forces, and our troops are now standing down.;nos forces armÈes et nos troupes sont au repos.;unserer Streitkr‰fte beschlossen.;;nuestras fuerzas armadas y nuestras tropas est·n ahora detenidas.;;;;;;;;;x
WE_DEMOBILIZE_3;*;*;*;;*;;;;;;;;;x
WE_DEMOBILIZE_4;*;*;*;;*;;;;;;;;;x
WE_DEMOBILIZE_5;*;*;*;;*;;;;;;;;;x
WE_DEMOBILIZE_6;*;*;*;;*;;;;;;;;;x
WE_DEMOBILIZE_LOG;We have given the orders to demobilize our reserves.;Nous avons ordonnÈ la dÈmobilisation de nos rÈserves.;Wir haben Befehl gegeben, unsere Reserven zu demobilisieren.;;Hemos dado Ûrdenes para desmovilizar nuestras reservas.;;;;;;;;;x
WE_DEMOBILIZE_BTN1;OK;OK;OK;;Aceptar;;;;;;;;;x
WE_DEMOBILIZE_BTN2;OK;OK;OK;;Aceptar;;;;;;;;;x
WE_DEMOBILIZE_BTN3;Details;DÈtails;Details;;Detalles;;;;;;;;;x
WE_DEMOBILIZE_MAP;*;*;*;;*;;;;;;;;;x
OTHER_MOBILIZE_SETUP;When another country mobilizes in preparation of war.;Lorsque quelqu'un d'autre mobilise pour prÈparer une guerre.;Wenn ein anderes Land f¸r den Krieg mobilisiert.;;Cuando otro se moviliza en preparaciÛn de una guerra.;;;;;;;;;x
OTHER_MOBILIZE_HEADER;$minister_of_intelligence$ reports that;$minister_of_intelligence$ nous signale que;$minister_of_intelligence$ berichtet:;;$minister_of_intelligence$ nos informa de que;;;;;;;;;x
OTHER_MOBILIZE_1;$COUNTRY$ is mobilizing;$COUNTRY$ mobilise actuellement;$COUNTRY$ mobilisiert!;;$COUNTRY$ esta movilizando;;;;;;;;;x
OTHER_MOBILIZE_2;their armed forces, and they will soon be able to field a strong army. ;ses forces armÈes et que ce pays sera bientÙt en mesure de rÈunir une armÈe puissante. ;$COUNTRY$ hat die Mobilmachung verk¸ndet und wird bald eine starke Armee aufgestellt haben.;;sus fuerzas armadas y pronto ser·n capaces de desplegar un fuerte ejÈrcito.;;;;;;;;;x
OTHER_MOBILIZE_3;*;*;*;;*;;;;;;;;;x
OTHER_MOBILIZE_4;*;*;*;;*;;;;;;;;;x
OTHER_MOBILIZE_5;*;*;*;;*;;;;;;;;;x
OTHER_MOBILIZE_6;*;*;*;;*;;;;;;;;;x
OTHER_MOBILIZE_LOG;$COUNTRY$ have started to mobilize their reserves.;$COUNTRY$ a commencÈ ‡ mobiliser ses rÈserves.;$COUNTRY$ hat begonnen, seine Reserven zu mobilisieren.;;$COUNTRY$ ha comenzado a movilizar sus reservas.;;;;;;;;;x
OTHER_MOBILIZE_BTN1;OK;OK;OK;;Aceptar;;;;;;;;;x
OTHER_MOBILIZE_BTN2;OK;OK;OK;;Aceptar;;;;;;;;;x
OTHER_MOBILIZE_BTN3;Details;DÈtails;Details;;Detalles;;;;;;;;;x
OTHER_MOBILIZE_MAP;*;*;*;;*;;;;;;;;;x
OTHER_DEMOBILIZE_SETUP;When another country decides to demobilize.;Lorsqu'un autre pays dÈcide de dÈmobiliser.;Wenn ein anderes Land die Demobilisierung beschlieﬂt.;;Cuando otro paÌs decide desmovilizarse.;;;;;;;;;x
OTHER_DEMOBILIZE_HEADER;There are reports that;Des rapports font Ètat que;$minister_of_intelligence$ berichtet:;;Hay informes que indican que;;;;;;;;;x
OTHER_DEMOBILIZE_1;$COUNTRY$ is demobilizing;$COUNTRY$ dÈmobilise actuellement;$COUNTRY$ demobilisiert!;;$COUNTRY$ est· desmovilizando;;;;;;;;;x
OTHER_DEMOBILIZE_2;their armed forces, and their troops are now standing down.;ses forces armÈes et que leurs troupes sont maintenant au repos.;$COUNTRY$ hat seine Streitkr‰fte demobilisiert.;;sus fuerzas armadas y sus tropas est·n ahora detenidas.;;;;;;;;;x
OTHER_DEMOBILIZE_3;*;*;*;;*;;;;;;;;;x
OTHER_DEMOBILIZE_4;*;*;*;;*;;;;;;;;;x
OTHER_DEMOBILIZE_5;*;*;*;;*;;;;;;;;;x
OTHER_DEMOBILIZE_6;*;*;*;;*;;;;;;;;;x
OTHER_DEMOBILIZE_LOG;$COUNTRY$ has given the orders to demobilize their reserves.;$COUNTRY$ a ordonnÈ la dÈmobilisation de ses rÈserves.;$COUNTRY$ hat den Befehl gegeben, ihre Reserven zu demobilisieren.;;$COUNTRY$ ha dado Ûrdenes para desmovilizar sus reservas.;;;;;;;;;x
OTHER_DEMOBILIZE_BTN1;OK;OK;OK;;Aceptar;;;;;;;;;x
OTHER_DEMOBILIZE_BTN2;OK;OK;OK;;Aceptar;;;;;;;;;x
OTHER_DEMOBILIZE_BTN3;Details;DÈtails;Details;;Detalles;;;;;;;;;x
OTHER_DEMOBILIZE_MAP;*;*;*;;*;;;;;;;;;x
WEDEFECT_SETUP;When one of our provinces defects.;Quand une de nos provinces se sÈpare de nous.;Wenn sich eine unserer Provinzen abspaltet.;Kiedy jedna z naszych prowincji od≥πcza siÍ;Cuando una de nuestras provincias cambie de bando.;Quando una delle nostre province ci abbandona;Mikor az egyik tartom·nyunk elp·rtol tıl¸nk.;Kdyû jednu ze sv˝ch provinciÌ ztratÌme.;;;;;;x
WEDEFECT_HEADER;Defection!;DÈfection!;Sezession!;Zdrada!;°TraiciÛn!;Defezione!;Elp·rtol·s;Ztr·ta!;;;;;;x
WEDEFECT_1;The province of;La province :;Die Provinz;Prowincja;La provincia de;La provincia di;A kˆvetkezı tartom·ny:;Provincie;;;;;;x
WEDEFECT_2;$PROV$;$PROV$;$PROV$;$PROV$;$PROV$;$PROV$;$PROV$;$PROV$;;;;;;x
WEDEFECT_3;has defected to;appartient maintenant au pays :;spaltete sich ab und ging zu;przesz≥a na stronÍ paÒstwa;se ha pasado al bando de;Ë passata a:;a kˆvetkezıhˆz p·rtolt:;p¯eöla k zemi;;;;;;x
WEDEFECT_4;$COUNTRY$;$COUNTRY$.;$COUNTRY$;$COUNTRY$.;$COUNTRY$;$COUNTRY$;$COUNTRY$;$COUNTRY$;;;;;;x
WEDEFECT_5;*;*;*;*;*;*;*;;;;;;;x
WEDEFECT_6;Fools! We shall not stand for this stupidity!;ImbÈciles! Nous ne tolÈrerons pas cette mascarade!;Ihr Narren, diese Dummheit werden wir nicht hinnehmen!;Durnie! Nie zniesiemy takiej g≥upoty!;°Necios! °No toleraremos esta estupidez!;sciocchi, non sopporteremo tanta stupidit‡!;Bolondok! Nem t˚rhetj¸k ezt a bolonds·got!;Bl·zni! Tuhle bl·hovost nebudeme tolerovat!;;;;;;x
WEDEFECT_LOG;$PROV$ defected to $COUNTRY$.;$PROV$ appartient maintenant au pays : $COUNTRY$.;$PROV$ hat sich $COUNTRY$ angeschlossen.;Prowincja $PROV$ przesz≥a na stronÍ paÒstwa $COUNTRY$.;$PROV$ se ha pasado al bando de $COUNTRY$.;$PROV$ Ë passata a: $COUNTRY$.;$PROV$ $COUNTRY$ nemzetÈhez p·rtolt.;$PROV$ p¯eöla k $COUNTRY$.;;;;;;x
WEDEFECT_BTN1;OK;OK;OK;OK;Aceptar;OK;Rendben;OK;;;;;;x
WEDEFECT_BTN2;OK;OK;OK;OK;Aceptar;OK;Rendben;OK;;;;;;x
WEDEFECT_BTN3;GOTO;ALLER ¿;Gehe zu;IDù DO;Ir allÌ;ANDARE;Menj ide:;PÿEJÕT NA;;;;;;x
WEDEFECT_MAP;Defection!;DÈfection!;Sezession!;Zdrada!;°TraiciÛn!;Defezione!;Elp·rtol·s!;Ztr·ta!;;;;;;x
THEYDEFECT_SETUP;When one of their provinces defects to us.;Lorsque l'une de leurs provinces nous rejoint.;Wenn sich eine ihrer Provinzen uns anschlieﬂt.;Kiedy jedna z obcych prowincji przechodzi na naszπ stronÍ;Cuando una de sus provincias se pasa a nuestro bando.;Quando una delle loro province passa a noi;Mikor az egyik tartom·nyunk hozz·nk p·rtol.;Kdyû jedna z jejich provinciÌ p¯ejde k n·m.;;;;;;x
THEYDEFECT_HEADER;A new province!;Nouvelle province!;Eine neue Provinz!;Nowa prowincja!;°Una nueva provincia!;Una nuova provincia!;Egy ˙j tartom·ny!;Nov· provincie!;;;;;;x
THEYDEFECT_1;The province of;La province :;Die Provinz;Prowincja;La provincia de;La provincia di;A kˆvetkezı tartom·ny:;Provincie;;;;;;x
THEYDEFECT_2;$PROV$;$PROV$;$PROV$;$PROV$;$PROV$;$PROV$;$PROV$;$PROV$;;;;;;x
THEYDEFECT_3;has defected to us.;nous a rejoint.;ist zu uns ¸bergelaufen;przesz≥a na naszπ stronÍ.;se ha pasado a nuestro bando.;Ë passata a noi.;hozz·nk p·rtolt.;p¯eöla k n·m.;;;;;;x
THEYDEFECT_4;They have wisely decided to embrace our enlightened rule;Avec une grande sagesse, ils ont dÈcidÈ de rejoindre notre rÈgime ÈclairÈ.;Sie haben sich klugerweise dazu entschlossen, unsere erleuchtete Herrschaft zu begr¸ﬂen;Mπdrze zdecydowali, øe podporzπdkujπ siÍ naszej oúwieconej w≥adzy.;Sabiamente, han decidido aceptar nuestro ilustrado gobierno.;Hanno deciso saggiamente di seguire la nostra guida illuminata.;Bˆlcsen ˙gy dˆntˆttek, hogy a mi felvil·gosult nemzet¸nk mellett kˆtelezik el magukat.;Moud¯e se rozhodli pro naöi osvÌcenou vl·du;;;;;;x
THEYDEFECT_5;*;*;*;*;*;*;*;;;;;;;x
THEYDEFECT_6;*;*;*;*;*;*;*;;;;;;;x
THEYDEFECT_LOG;$PROV$ defected to us.;$PROV$ nous a rejoint.;$PROV$ hat sich uns angeschlossen.;Prowincja $PROV$ przesz≥a na naszπ stronÍ.;$PROV$ se ha pasado a nuestro bando.;$PROV$ Ë passata a noi.;$PROV$ mellÈnk p·rtolt.;$PROV$ p¯eöla k n·m.;;;;;;x
THEYDEFECT_BTN1;OK;OK;OK;OK;Aceptar;OK;Rendben;OK;;;;;;x
THEYDEFECT_BTN2;OK;OK;OK;OK;Aceptar;OK;Rendben;OK;;;;;;x
THEYDEFECT_BTN3;GOTO;ALLER ¿;Gehe zu;IDù DO;Ir allÌ;ANDARE;Menj ide:;PÿEJÕT NA;;;;;;x
THEYDEFECT_MAP;Defection!;DÈfection!;Sezession!;Zdrada!;°TraiciÛn!;Defezione!;Elp·rtol·s!;Ztr·ta!;;;;;;x
OTHERDEFECT_SETUP;When a province of one nation defects to another (neither is us).;Lorsque l'une des provinces d'une nation passe ‡ une autre (exceptÈ ‡ la nÙtre).;Wenn sich eine Provinz eines Landes einem anderen anschlieﬂt (keines von beiden sind wir).;Kiedy prowincja jednego z paÒstw przechodzi na stronÍ innego kraju (nie dotyczy naszego kraju);Una provincia de una naciÛn cambia al bando de otra (no nuestra).;Quando la provincia di una nazione passa a un'altra (e noi non siamo nessuna delle due);Mikor egy nemzet ˙gy dˆnt, hogy egy m·sik nemzethez p·rtol (de nem hozz·nk).;Kdyû provincie jednoho n·roda p¯ejde k jinÈmu n·rodu (nejedn· se o n·s).;;;;;;x
OTHERDEFECT_HEADER;Defection!;DÈfection!;Sezession!;Zdrada!;°TraiciÛn!;Defezione!;Elp·rtol·s!;Ztr·ta!;;;;;;x
OTHERDEFECT_1;The province of;La province :;Die Provinz;Prowincja;La provincia de;La provincia di;A kˆvetkezı tartom·ny:;Provincie;;;;;;x
OTHERDEFECT_2;$PROV$;$PROV$;$PROV$;$PROV$;$PROV$;$PROV$;$PROV$;$PROV$;;;;;;x
OTHERDEFECT_3;defected to;appartient maintenant au pays :;spaltete sich ab und ging zu;przesz≥a na stronÍ paÒstwa;se pasa al bando de;Ë passata a:;a kˆvetkezı mellÈ p·rtolt:;p¯eöla k;;;;;;x
OTHERDEFECT_4;$COUNTRY$;$COUNTRY$.;$COUNTRY$;$COUNTRY$.;$COUNTRY$;$COUNTRY$.;$COUNTRY$;$COUNTRY$;;;;;;x
OTHERDEFECT_5;*;*;*;*;*;*;*;;;;;;;x
OTHERDEFECT_6;*;*;*;*;*;*;*;;;;;;;x
OTHERDEFECT_LOG;$PROV$ defected to $COUNTRY$.;$PROV$ est passÈe ‡ $COUNTRY$.;$PROV$ hat sich $COUNTRY$ angeschlossen.;Prowincja $PROV$ przesz≥a na stronÍ paÒstwa $COUNTRY$.;$PROV$ se ha pasado al bando de $COUNTRY$.;$PROV$ Ë passata a: $COUNTRY$.;$PROV$ $COUNTRY$ nemzetÈhez p·rtolt.;$PROV$ p¯eöla k $COUNTRY$.;;;;;;x
OTHERDEFECT_BTN1;OK;OK;OK;OK;Aceptar;OK;Rendben;OK;;;;;;x
OTHERDEFECT_BTN2;OK;OK;OK;OK;Aceptar;OK;Rendben;OK;;;;;;x
OTHERDEFECT_BTN3;GOTO;ALLER ¿;Gehe zu;IDù DO;Ir allÌ;ANDARE;Menj ide:;PÿEJÕT NA;;;;;;x
OTHERDEFECT_MAP;Defection!;DÈfection!;Sezession!;Zdrada!;°TraiciÛn!;Defezione!;Elp·rtol·s!;Ztr·ta!;;;;;;x
SHATTERED_SETUP;When one of our divisions has been shattered.;L'une de nos divisions a ÈtÈ dispersÈe.;Wenn eine unserer Divisionen zusammenbricht.;;Cuando una de nuestras divisiones ha sido derrotada.;;;;;;;;;x
SHATTERED_HEADER;$chief_of_army$ reports that;$chief_of_army$ nous informe que;$chief_of_army$ berichtet:;;°$chief_of_army$ nos informa de;;;;;;;;;x
SHATTERED_1;$UNIT$ shattered!;l'unitÈ : $UNIT$ a ÈtÈ dispersÈe!;$UNIT$ wurde zerschlagen!;;la derrota de $UNIT$!;;;;;;;;;x
SHATTERED_2;$MONARCHTITLE$, our troops of $UNIT$ have reached their breaking point and have shattered.;$MONARCHTITLE$, nos troupes de $UNIT$ ont atteint leur point de rupture et ont ÈtÈ dispersÈes.;$MONARCHTITLE$, unsere Einheit $UNIT$ hat ihre Belastungsgrenze erreicht und wurde;;$MONARCHTITLE$, nuestras tropas de $UNIT$ se han desmoronado y han sido derrotadas.;;;;;;;;;x
SHATTERED_3;$LOCATION$;$LOCATION$;bei $LOCATION$ zerschlagen.;;$LOCATION$;;;;;;;;;x
SHATTERED_4;We have reformed this division at their Theater HQ using a cadre of personnel who were on leave or in hospitals.;Nous avons reformÈ cette division ‡ $NEWHOME$ en nous basant sur le personnel qui Ètait en permission ou hospitalisÈ.;Wir haben diese Division in $NEWHOME$ mit Soldaten wieder aufgestellt, die auf Fronturlaub oder im Krankenhaus waren.;;Hemos reformado esta divisiÛn en $NEWHOME$ utilizando un n˙cleo de personal que estaba de servicio o en el hospital.;;;;;;;;;x
SHATTERED_5;*;*;*;;*;;;;;;;;;x
SHATTERED_6;*;*;*;;*;;;;;;;;;x
SHATTERED_LOG;$UNIT$ shattered in $LOCATION$.;$UNIT$ ont ÈtÈ dispersÈes ‡ $LOCATION$.;$UNIT$ in $LOCATION$ zerschlagen;;Derrota de $UNIT$ en $LOCATION$.;;;;;;;;;x
SHATTERED_BTN1;OK;OK;OK;;Aceptar;;;;;;;;;x
SHATTERED_BTN2;OK;OK;OK;;Aceptar;;;;;;;;;x
SHATTERED_BTN3;Goto;ALLER ¿;Gehe zu;;Ir allÌ;;;;;;;;;x
SHATTERED_MAP;$UNIT$ shattered!;;*;;*;;;;;;;;;x
SHIPSUNK_SETUP;When one of your ships sinks due to attrition;Lorsqu'un de vos navires coule ‡ cause de l'attrition.;Wenn eines Ihrer Schiffe aufgrund seiner Verlustquote sinkt;Kiedy jeden z twoich okrÍtÛw idzie na dno z powodu zuøycia;Cuando uno de nuestros buques se hunde debido al desgaste.;Quando una delle tue navi affonda per logoramento;Egyik hajÛd els¸llyedt az elhaszn·lÛd·s miatt;Kdyû se jedna z naöich lodÌ potopÌ;;;;;;x
SHIPSUNK_HEADER;$chief_of_navy$ reports;$chief_of_navy$ nous signale;$chief_of_navy$ berichtet:;;°$chief_of_navy$ nos informa de que;;;;;;;;;x
SHIPSUNK_1;Ship Lost!;qu'un navire a ÈtÈ perdu!;Schiff gesunken!;Straciliúmy okrÍt!;hemos perdido un buque!;Una nave Ë perduta!;Elveszett egy hajÛ!;LoÔ je ztracena!;;;;;;x
SHIPSUNK_2;$MONARCHTITLE$, one of our vessels has been;$MONARCHTITLE$, l'un de nos vaisseaux a ÈtÈ;$MONARCHTITLE$, eines unserer Schiffe ist;Jeden z naszych okrÍtÛw;$MONARCHTITLE$, °uno de nuestros buques se ha;$MONARCHTITLE$, uno dei nostri vascelli Ë;Az egyik hajÛnk;$MONARCHTITLE$, jedno z naöich plavidel;;;;;;x
SHIPSUNK_3;LOST!;PERDU;GESUNKEN!;ZATON•^;PERDIDO!;PERDUTO!;ELVESZETT!;SE POTOPILO;;;;;;x
SHIPSUNK_4;while traversing the hazardous waters of;en traversant les eaux pÈrilleuses de la province de :;Es befuhr die gef‰hrlichen Gew‰sser von;pokonujπc niebezpieczne wody;mientras navegaba por las peligrosas aguas de;mentre navigava nelle perigliose acque di:;mikˆzben;p¯i plavbÏ v nebezpeËn˝ch vod·ch;;;;;;x
SHIPSUNK_5;$PROV$;$PROV$;$PROV$;$PROV$.;$PROV$;$PROV$;$PROV$ veszÈlyes vizein hajÛzott.;$PROV$;;;;;;x
SHIPSUNK_6;*;*;*;*;*;*;*;;;;;;;x
SHIPSUNK_LOG;A ship was lost in $PROV$;Un navire a ÈtÈ perdu dans la province de : $PROV$.;Ein Schiff ging in $PROV$ verloren.;Straciliúmy okrÍt w prowincji $PROV$.;Se ha perdido un buque en $PROV$;Abbiamo perso una nave in $PROV$.;Egy hajÛ elveszett $PROV$ provinci·n·l;V $PROV$ se potopila loÔ;;;;;;x
SHIPSUNK_BTN1;OK;OK;OK;OK;Aceptar;OK;Rendben;OK;;;;;;x
SHIPSUNK_BTN2;OK;OK;OK;OK;Aceptar;OK;Rendben;OK;;;;;;x
SHIPSUNK_BTN3;Goto;ALLER ¿;Gehe zu;Idü do;Ir allÌ;Andare;Ugr·s;P¯ejÌt na;;;;;;x
SHIPSUNK_MAP;A ship is lost!;Nous avons perdu un navire!;Schiff gesunken!;OkrÍt zatonπ≥!;°Se ha perdido un buque!;Una nave Ë perduta!;Egy hajÛ elveszett;LoÔ je ztracena!;;;;;;x
DISBAND_SETUP;When a unit is disbanded;Lorsqu'une unitÈ est dÈmantelÈe;Wenn eine Einheit aufgelˆst wird;Kiedy jednostka zostaje rozwiπzana;Cuando se desbanda una unidad.;Quando un'unit‡ viene sciolta;Mikor egy egysÈget szÈtoszlatnak;Kdyû je rozpuötÏna jednotka;;;;;;x
DISBAND_HEADER;$chief_of_staff$ reports;$chief_of_staff$ signale que;$chief_of_staff$ berichtet:;;$chief_of_staff$ informa de que;;;;;;;;;x
DISBAND_1;Unit Disbanded.;UnitÈ dÈmantelÈe.;Einheit aufgelˆst.;Jednostka rozwiπzana;Unidad desbandada.;Unit‡ sciolta.;EgysÈg szÈtoszlatva;Jednotka byla rozpuötÏna.;;;;;;x
DISBAND_2;$MONARCHTITLE$, we have disbanded;$MONARCHTITLE$, nous avons dÈmantelÈ l'unitÈ :;$MONARCHTITLE$;Rozwiπzaliúmy;$MONARCHTITLE$, hemos desbandado;$MONARCHTITLE$, abbiamo sciolto l'unit‡:;SzÈtoszlattuk a kˆvetkezıt:;$MONARCHTITLE$, rozpustili jsme;;;;;;x
DISBAND_3;$UNIT$;$UNIT$;$UNIT$;$UNIT$.;$UNIT$;$UNIT$.;$UNIT$;$UNIT$;;;;;;x
DISBAND_4;No doubt the scum of the earth that make up our armies will squander their more than generous pay in the taverns..;Il ne fait aucun doute que la racaille qui compose nos troupes va aller dÈpenser sa solde plus que gÈnÈreuse dans les tavernes.;Das Gesocks, das in unseren Armeen dient, wird seinen mehr als groﬂz¸gigen Sold zweifelsohne in den Schenken verprassen.;Bez wπtpienia ci ≥ajdacy, ktÛrzy s≥uøπ w naszej armii roztrwoniπ swÛj bardziej niø pokaüny øo≥d w tawernach.;Sin duda, la escoria de la tierra que compone nuestros ejÈrcitos dilapidar· su m·s que generosa paga en las tabernas...;Non c'Ë dubbio che quella feccia di cui Ë fatto il nostro esercito sperperer‡ la nostra generosissima paga alla taverna.;Semmi kÈtsÈg, hogy az sˆpredÈk, amibıl a sereg¸nk ·llt mÈg tˆbb pÈnzt fog elkˆlteni a kocsm·kban.;NenÌ pochyb, ûe ti mizerovÈ byli k niËemu a sv˘j vÌce neû ötÏdr˝ ûold jen propÌjeli v tavern·ch.;;;;;;x
DISBAND_5;*;*;*;*;*;*;*;;;;;;;x
DISBAND_6;*;*;*;*;*;*;*;;;;;;;x
DISBAND_LOG;$UNIT$ was disbanded.;$UNIT$ : unitÈ dÈmantelÈe.;$UNIT$ wurde aufgelˆst.;Jednostka $UNIT$ zosta≥a rozwiπzana.;Se ha desbandado $UNIT$.;L'unit‡: $UNIT$ Ë stata sciolta.;$UNIT$ feloszlatva.;$UNIT$ byla rozpuötÏna.;;;;;;x
DISBAND_BTN1;OK;OK;OK;OK;Aceptar;OK;Rendben;OK;;;;;;x
DISBAND_BTN2;OK;OK;OK;OK;Aceptar;OK;Rendben;OK;;;;;;x
DISBAND_BTN3;Goto;ALLER ¿;Gehe zu;Idü do;Ir allÌ;Andare;Ugr·s;P¯ejÌt na;;;;;;x
DISBAND_MAP;*;*;*;*;*;*;*;;;;;;;x
CONVOY_TOO_STRONG_SETUP;When we find a convoy, but it is too strong to be attacked.;Lorsque nous localisons un convoi mais qu'il est trop puissant pour Ítre attaquÈ.;Wenn wir einen Konvoi finden, der zu stark ist, um ihn anzugreifen.;;Cuando encontramos un convoy pero es muy grande para atacarlo.;;;;;;;;;x
CONVOY_TOO_STRONG_HEADER;$chief_of_navy$ reports;$chief_of_navy$ signale;$chief_of_navy$ berichtet:;;$chief_of_navy$ nos informa que;;;;;;;;;x
CONVOY_TOO_STRONG_1;Convoy spotted in $LOCATION$;qu'un convoi a ÈtÈ repÈrÈ ‡ $LOCATION$.;Ein Konvoi wurde bei $LOCATION$ gesichtet;;se ha avistado un convoy en $LOCATION$;;;;;;;;;x
CONVOY_TOO_STRONG_2;$MONARCHTITLE$, $UNIT$ reports that they spotted a convoy at $LOCATION$, but it was too heavily escorted by $EVIL$ for them to even attempt an attack. They suspect that the convoy was on the;$MONARCHTITLE$, les $UNIT$ nous informent qu'un convoi a ÈtÈ repÈrÈ ‡ $LOCATION$ mais qu'il est trop lourdement escortÈ par $EVIL$ pour que nous puissions ne serait-ce qu'envisager de les attaquer. Ils soupÁonnent que ce convoi est sur la route;$MONARCHTITLE$, $UNIT$ berichtet, dass sie einen Konvoi bei $LOCATION$ sichteten. Leider fuhr er mit einem Geleitschutz von $EVIL$, was einen Angriffsversuch unsinnig machte. Sie vermuten, dass der Konvoi auf der;;$MONARCHTITLE$, $UNIT$ informa de que ha avistado un convoy en $LOCATION$, pero $EVIL$ le habÌa asignado una escolta demasiado fuerte como para intentar un ataque. Sospechan que el convoy estaba en la;;;;;;;;;x
CONVOY_TOO_STRONG_3;$CONVOY$;du $CONVOY$.;$CONVOY$;;$CONVOY$;;;;;;;;;x
CONVOY_TOO_STRONG_4;route.;*;Route war.;;ruta.;;;;;;;;;x
CONVOY_TOO_STRONG_5;*;;*;;*;;;;;;;;;x
CONVOY_TOO_STRONG_6;*;;*;;*;;;;;;;;;x
CONVOY_TOO_STRONG_LOG;$CONVOY$ spotted by $UNIT$ at $LOCATION$.;$CONVOY$ a ÈtÈ repÈrÈ par l'unitÈ $UNIT$ ‡ $LOCATION$.;$CONVOY$ von $UNIT$ bei $LOCATION$ gesichtet.;;$CONVOY$ avistado por $UNIT$ en $LOCATION$.;;;;;;;;;x
CONVOY_TOO_STRONG_BTN1;OK;OK;OK;;Aceptar;;;;;;;;;x
CONVOY_TOO_STRONG_BTN2;OK;OK;OK;;Aceptar;;;;;;;;;x
CONVOY_TOO_STRONG_BTN3;Goto;Aller ‡;Gehe zu;;Ir allÌ;;;;;;;;;x
CONVOY_TOO_STRONG_MAP;Convoys Protected!;;*;;*;;;;;;;;;x
ATTACHEDUNIT_SETUP;When we attach a unit into another in the hierarchy.;Lorsque nous rattachons une unitÈ ‡ une autre dans la hiÈrarchie.;Wenn wir eine Einheit in die Befehlskette eingliedern.;;Cuando vinculamos una unidad a otra en la jerarquÌa.;;;;;;;;;x
ATTACHEDUNIT_HEADER;$chief_of_staff$ reports that;$chief_of_staff$ signale que;$chief_of_staff$ berichtet:;;$chief_of_staff$ informa de que;;;;;;;;;x
ATTACHEDUNIT_1;$UNIT$;l'unitÈ $UNIT$;$UNIT$;;$UNIT$;;;;;;;;;x
ATTACHEDUNIT_2;has now been attached to;est maintenant rattachÈe ‡ :;wurde eingegliedert in;;se ha vinculado a;;;;;;;;;x
ATTACHEDUNIT_3;$PARENT$;$PARENT$.;$PARENT$;;$PARENT$;;;;;;;;;x
ATTACHEDUNIT_4;*;*;*;;*;;;;;;;;;x
ATTACHEDUNIT_5;*;*;*;;*;;;;;;;;;x
ATTACHEDUNIT_6;*;*;*;;*;;;;;;;;;x
ATTACHEDUNIT_LOG;$UNIT$ is now attached to $PARENT$.;L'unitÈ $UNIT$ est maintenant rattachÈe ‡ $PARENT$.;$UNIT$ ist nun in $PARENT$ eingegliedert.;;$UNIT$ se ha vinculado ahora a $PARENT$.;;;;;;;;;x
ATTACHEDUNIT_BTN1;OK;OK;OK;;Aceptar;;;;;;;;;x
ATTACHEDUNIT_BTN2;OK;OK;OK;;Aceptar;;;;;;;;;x
ATTACHEDUNIT_BTN3;Goto;Aller ‡;Gehe zu;;Ir allÌ;;;;;;;;;x
ATTACHEDUNIT_MAP;$UNIT$ attached.;*;*;;*;;;;;;;;;x
DETACHEDUNIT_SETUP;When we detach a unit from the hierarchy.;Lorsque nous dÈtachons une unitÈ du commandement.;Wenn wir eine Einheit aus der Befehlskette ausgliedern.;;Cuando desvinculamos una unidad de la jerarquÌa.;;;;;;;;;x
DETACHEDUNIT_HEADER;$chief_of_staff$ reports that;$chief_of_staff$ signale que;$chief_of_staff$ berichtet:;;$chief_of_staff$ informa que;;;;;;;;;x
DETACHEDUNIT_1;$UNIT$;l'unitÈ $UNIT$;$UNIT$;;$UNIT$;;;;;;;;;x
DETACHEDUNIT_2;has now been;est maintenant;wurde aus der Befehlskette;;se ha;;;;;;;;;x
DETACHEDUNIT_3;DETACHED;D…TACH…E;ausgegliedert.;;desvinculado;;;;;;;;;x
DETACHEDUNIT_4;from the hierarchy.;du commandement.;*;;de la jerarquÌa.;;;;;;;;;x
DETACHEDUNIT_5;*;*;*;;*;;;;;;;;;x
DETACHEDUNIT_6;*;*;*;;*;;;;;;;;;x
DETACHEDUNIT_LOG;$UNIT$ detached from unit hierarchy.;L'unitÈ $UNIT$ a ÈtÈ dÈtachÈe du commandement des unitÈs.;$UNIT$ aus der Befehlskette ausgegliedert.;;$UNIT$ se ha desvinculado de la jerarquÌa de unidades.;;;;;;;;;x
DETACHEDUNIT_BTN1;OK;OK;OK;;Aceptar;;;;;;;;;x
DETACHEDUNIT_BTN2;OK;OK;OK;;Aceptar;;;;;;;;;x
DETACHEDUNIT_BTN3;Goto;Aller ‡;Gehe zu;;Ir allÌ;;;;;;;;;x
DETACHEDUNIT_MAP;Detached!;*;*;;*;;;;;;;;;x
TRANSFEREDSUBUNIT_SETUP;When a ship, wing or division is transferred from one unit to another.;Lorsqu'un navire, un dÈtachement ou une division est transfÈrÈ d'une unitÈ ‡ une autre.;Wenn ein Schiff, Geschwader oder eine Division von einer Einheit zu einer anderen transferiert wird.;;Cuando un buque, ala o divisiÛn se transfiere de una unidad a otra.;;;;;;;;;x
TRANSFEREDSUBUNIT_HEADER;$chief_of_staff$ reports;$chief_of_staff$ signale que;$chief_of_staff$ berichtet:;;°$chief_of_staff$ informa que;;;;;;;;;x
TRANSFEREDSUBUNIT_1;$SUB$ reassigned!;$SUB$ rÈaffectÈe!;Einheit umgruppiert;;se ha reasignado $SUB$!;;;;;;;;;x
TRANSFEREDSUBUNIT_2;$MONARCHTITLE$, we have reassigned $SUB$ from $OLD$ to;$MONARCHTITLE$, nous avons rÈaffectÈ l'unitÈ $SUB$ de l'unitÈ $OLD$ ‡ l'unitÈ;$MONARCHTITLE$, wir haben $SUB$ von $OLD$ nach;;$MONARCHTITLE$, hemos reasignado $SUB$ de $OLD$ a;;;;;;;;;x
TRANSFEREDSUBUNIT_3;$NEW$;$NEW$;$NEW$ umgruppiert.;;$NEW$;;;;;;;;;x
TRANSFEREDSUBUNIT_4;*;*;*;;*;;;;;;;;;x
TRANSFEREDSUBUNIT_5;*;*;*;;*;;;;;;;;;x
TRANSFEREDSUBUNIT_6;*;*;*;;*;;;;;;;;;x
TRANSFEREDSUBUNIT_LOG;$SUB$ has been assigned to $NEW$.;L'unitÈ $SUB$ a ÈtÈ transfÈrÈe ‡ l'unitÈ $NEW$.;$SUB$ wurde $NEW$ eingegliedert.;;Se ha asignado $SUB$ a $NEW$.;;;;;;;;;x
TRANSFEREDSUBUNIT_BTN1;OK;OK;OK;;Aceptar;;;;;;;;;x
TRANSFEREDSUBUNIT_BTN2;OK;OK;OK;;Aceptar;;;;;;;;;x
TRANSFEREDSUBUNIT_BTN3;Goto;Aller ‡;Gehe zu;;Ir allÌ;;;;;;;;;x
TRANSFEREDSUBUNIT_MAP;*;*;*;;*;;;;;;;;;x
UNITDEPLOYED_SETUP;When we deploy a new unit to the map.;Lorsque nous dÈployons une nouvelle unitÈ sur la carte.;Wenn wir eine neue Einheit auf der Karte einsetzen.;;Cuando desplegamos una nueva unidad en el mapa.;;;;;;;;;x
UNITDEPLOYED_HEADER;$chief_of_staff$ reports;$chief_of_staff$ nous informe que;$chief_of_staff$ berichtet:;;$chief_of_staff$ informa de que;;;;;;;;;x
UNITDEPLOYED_1;$UNIT$ deployed;l'unitÈ $UNIT$ a ÈtÈ dÈployÈe;$UNIT$ ist nun im Einsatz.;;se ha desplegado $UNIT$;;;;;;;;;x
UNITDEPLOYED_2;$MONARCHTITLE$, $UNIT$ is ready for action and has now been deployed in;$MONARCHTITLE$, l'unitÈ $UNIT$ est maintenant dÈployÈe;$MONARCHTITLE$, $UNIT$ ist nun bereit zum Einsatz in;;$MONARCHTITLE$, $UNIT$ se encuentra en estado operativo y se ha desplegado en;;;;;;;;;x
UNITDEPLOYED_3;$LOCATION$;‡ $LOCATION$ et prÍte au combat.;$LOCATION$;;$LOCATION$;;;;;;;;;x
UNITDEPLOYED_4;*;*;*;;*;;;;;;;;;x
UNITDEPLOYED_5;*;*;*;;*;;;;;;;;;x
UNITDEPLOYED_6;*;*;*;;*;;;;;;;;;x
UNITDEPLOYED_LOG;$UNIT$ deployed to $LOCATION$.;L'unitÈ $UNIT$ a ÈtÈ dÈployÈe ‡ $LOCATION$.;$UNIT$ abkommandiert nach $LOCATION$.;;$UNIT$ se ha desplegado en $LOCATION$.;;;;;;;;;x
UNITDEPLOYED_BTN1;OK;OK;OK;;Aceptar;;;;;;;;;x
UNITDEPLOYED_BTN2;OK;OK;OK;;Aceptar;;;;;;;;;x
UNITDEPLOYED_BTN3;Goto;Aller ‡;Gehe zu;;Ir allÌ;;;;;;;;;x
UNITDEPLOYED_MAP;$UNIT$ deployed.;*;*;;*;;;;;;;;;x
WE_RETURN_EXILE_SETUP;When we liberate a country and restore their government.;Lorsque nous libÈrons un pays et rÈtablissons son gouvernement.;Wenn wir ein Land befreien und seine Regierung wieder einsetzen.;;Cuando liberamos un paÌs y restauramos su Gobierno.;;;;;;;;;x
WE_RETURN_EXILE_HEADER;We have liberated;Nous avons libÈrÈ le pays :;Wir haben;;Hemos liberado;;;;;;;;;x
WE_RETURN_EXILE_1;$FREE$;$FREE$.;$FREE$ befreit;;$FREE$;;;;;;;;;x
WE_RETURN_EXILE_2;$TITLE$, we can report that our liberation of $FREE$ has been a major success. Today a parade of troops has marched through $FCAPITAL$ in a joyous celebration.;$TITLE$, nous vous informons que notre tentative de libÈration de $FREE$ a ÈtÈ couronnÈe de succËs. Aujourd'hui, les troupes ont dÈfilÈ avec enthousiasme dans $FCAPITAL$ pour fÍter la victoire.;$TITLE$, wir kˆnnen vermelden, dass unsere Befreiung von $FREE$ ein groﬂer Erfolg war. Heute ist eine Milit‰rparade triumphierend durch $FCAPITAL$ marschiert.;;$TITLE$, podemos informar de que nuestra liberaciÛn de $FREE$ ha sido un Èxito rotundo. Hoy, un desfile de tropas ha marchado sobre $FCAPITAL$ en alegre celebraciÛn.;;;;;;;;;x
WE_RETURN_EXILE_3;*;*;*;;*;;;;;;;;;x
WE_RETURN_EXILE_4;*;*;*;;*;;;;;;;;;x
WE_RETURN_EXILE_5;*;*;*;;*;;;;;;;;;x
WE_RETURN_EXILE_6;*;*;*;;*;;;;;;;;;x
WE_RETURN_EXILE_LOG;We liberated $FREE$, and restored their government to $FCAPITAL$.;Nous avons libÈrÈ $FREE$ et rÈtabli son gouvernement dans la capitale $FCAPITAL$.;Wir haben $FREE$ befreit und seine Regierung in $FCAPITAL$ wiederhergestellt.;;Hemos liberado $FREE$ y se ha restaurado su Gobierno en $FCAPITAL$.;;;;;;;;;x
WE_RETURN_EXILE_BTN1;OK;OK;OK;;Aceptar;;;;;;;;;x
WE_RETURN_EXILE_BTN2;OK;OK;OK;;Aceptar;;;;;;;;;x
WE_RETURN_EXILE_BTN3;Details;DÈtails;Details;;Detalles;;;;;;;;;x
WE_RETURN_EXILE_MAP;*;*;*;;*;;;;;;;;;x
RETURN_EXILE_US_SETUP;When our government has been restored by our allies.;Lorsque notre gouvernement est rÈtabli par nos alliÈs.;Wenn unsere Regierung von unseren Verb¸nbdeten wieder eingesetzt wurde.;;Cuando nuestro Gobierno ha sido restaurado por nuestros aliados.;;;;;;;;;x
RETURN_EXILE_US_HEADER;We have been liberated by;Nous avons ÈtÈ libÈrÈs par;Wir wurden befreit von;;Hemos sido liberados por;;;;;;;;;x
RETURN_EXILE_US_1;$FROM$;$FROM$.;$FROM$;;$FROM$;;;;;;;;;x
RETURN_EXILE_US_2;$TITLE$, we can report that $FCAPITAL$ has been liberated, and our government has officially returned. The city is filled with celebrators, cheering for this great day. We are eternally grateful to $FROM$ for saving our country.;$TITLE$, nous vous informons que $FCAPITAL$ a ÈtÈ libÈrÈe et que le gouvernement a officiellement ÈtÈ remis en place. La ville grouille d'une foule festive cÈlÈbrant ce grand jour. Nous serons Èternellement reconnaissants envers $FROM$ pour ses faits d'arme salvateurs pour notre pays.;$TITLE$, wir kˆnnen vermelden, dass $FCAPITAL$ befreit wurde und unsere Regierung nun offiziell wieder zur¸ckgekehrt ist. Die Stadt ist voller jubelnder Menschen die diesen groﬂen Tag feiern. Wir sind $FROM$ auf ewig f¸r ihre Befreiung unseres Landes dankbar.;;$TITLE$, podemos informar de que se ha liberado $FCAPITAL$ y se ha producido el regreso oficial de nuestro Gobierno. La ciudad est· llena de personas celebrando este gran dÌa. $FROM$ tiene nuestra gratitud eterna por su actuaciÛn al salvar a nuestra naciÛn.;;;;;;;;;x
RETURN_EXILE_US_3;*;*;*;;*;;;;;;;;;x
RETURN_EXILE_US_4;*;*;*;;*;;;;;;;;;x
RETURN_EXILE_US_5;*;*;*;;*;;;;;;;;;x
RETURN_EXILE_US_6;*;*;*;;*;;;;;;;;;x
RETURN_EXILE_US_LOG;Our government was restored to $FCAPITAL$, thanks to the help from $FROM$.;Notre gouvernement a ÈtÈ restaurÈ dans la capitale $FCAPITAL$ gr‚ce ‡ l'aide de $FROM$.;Unsere Regierung wurde in $FCAPITAL$ wieder eingesetzt, dank der Hilfe aus $FROM$.;;Nuestro gobierno ha sido restaurado en $FCAPITAL$, gracias a la ayuda de $FROM$.;;;;;;;;;x
RETURN_EXILE_US_BTN1;OK;OK;OK;;Aceptar;;;;;;;;;x
RETURN_EXILE_US_BTN2;OK;OK;OK;;Aceptar;;;;;;;;;x
RETURN_EXILE_US_BTN3;Details;DÈtails;Details;;Detalles;;;;;;;;;x
RETURN_EXILE_US_MAP;*;*;*;;*;;;;;;;;;x
RETURN_EXILE_SETUP;When another country gets their government restored.;Lorsque le gouvernement d'un autre pays a ÈtÈ rÈtabli.;Wenn die Regierung eines anderen Landes wieder eingesetzt wird.;;Cuando restablecen el gobierno de otro paÌs.;;;;;;;;;x
RETURN_EXILE_HEADER;$foreign_minister$ reports on;$foreign_minister$ nous a signalÈ;$foreign_minister$ berichtet:;;°$foreign_minister$ informa que;;;;;;;;;x
RETURN_EXILE_1;$FREE$ liberated!;la libÈration de $FREE$!;$FREE$ wurde befreit!;;han liberado $FREE$!;;;;;;;;;x
RETURN_EXILE_2;$TITLE$, we can report that $FREE$ has been liberated by $FROM$. Their government has been restored to $FCAPITAL$ and they are no longer in exile.;$TITLE$, nous vous signalons que $FREE$ a ÈtÈ libÈrÈ par $FROM$. Le gouvernement a ÈtÈ restaurÈ dans capitale $FCAPITAL$ et n'est plus en exil.;$TITLE$, wir kˆnnen vermelden, dass $FREE$ von $FROM$ befreit wurde. Die Regierung wurde wieder in $FCAPITAL$ eingesetzt, sie befindet sich nun nicht mehr im Exil.;;$TITLE$, podemos informar que $FROM$ ha liberado $FREE$. Su Gobierno se ha restaurado en $FCAPITAL$ y ya no est· en el exilio.;;;;;;;;;x
RETURN_EXILE_3;*;*;*;;*;;;;;;;;;x
RETURN_EXILE_4;*;*;*;;*;;;;;;;;;x
RETURN_EXILE_5;*;*;*;;*;;;;;;;;;x
RETURN_EXILE_6;*;*;*;;*;;;;;;;;;x
RETURN_EXILE_LOG;$FREE$ has been liberated, and their government restored to $FCAPITAL$.;$FREE$ a ÈtÈ libÈrÈ et leur gouvernement a ÈtÈ restaurÈ dans capitale $FCAPITAL$.;$FREE$ wurde befreit und die Regierung in $FCAPITAL$ wiederhergestellt.;;Se ha liberado $FREE$ y se ha restaurado su Gobierno en $FCAPITAL$.;;;;;;;;;x
RETURN_EXILE_BTN1;OK;OK;OK;;Aceptar;;;;;;;;;x
RETURN_EXILE_BTN2;OK;OK;OK;;Aceptar;;;;;;;;;x
RETURN_EXILE_BTN3;Details;DÈtails;Details;;Detalles;;;;;;;;;x
RETURN_EXILE_MAP;*;*;*;;*;;;;;;;;;x
REVOLT_SETUP;When there is an uprising in one of your provinces;Lorsqu'une insurrection Èclate dans l'une de vos provinces.;Wenn ein Aufstand in einer Ihrer Provinzen ausbricht;;Cuando haya una insurrecciÛn en una de tus provincias.;;;;;;;;;x
REVOLT_HEADER;$minister_of_security$ reports;$minister_of_security$ signale qu'un;$minister_of_security$ berichtet:;;°$minister_of_security$ informa de una;;;;;;;;;x
REVOLT_1;Uprising!;soulËvement a ÈclatÈ!;Aufstand!;;insurrecciÛn!;;;;;;;;;x
REVOLT_2;$MONARCHTITLE$, $REBELS$ have risen up in;$MONARCHTITLE$, une insurrection rebelle des $REBELS$ a eu lieu dans la province :;$MONARCHTITLE$, $REBELS$ haben sich erhoben in;;$MONARCHTITLE$, °$REBELS$ se han alzado en;;;;;;;;;x
REVOLT_3;$PROV$!;$PROV$!;$PROV$!;;$PROV$;;;;;;;;;x
REVOLT_4;$REBELDESC$;$REBELDESC$;$REBELDESC$;;$REBELDESC$;;;;;;;;;x
REVOLT_5;*;*;*;;*;;;;;;;;;x
REVOLT_6;*;*;*;;*;;;;;;;;;x
REVOLT_LOG;$REBELS$ are revolting in $PROV$!;Des $REBELS$ se rÈvoltent dans la province de : $PROV$!;$REBELS$ erheben sich in $PROV$!;;°Una insurrecciÛn de $REBELS$ en $PROV$!;;;;;;;;;x
REVOLT_BTN1;OK;OK;OK;;Aceptar;;;;;;;;;x
REVOLT_BTN2;OK;OK;OK;;Aceptar;;;;;;;;;x
REVOLT_BTN3;Goto;Aller ‡;Gehe zu;;Ir allÌ;;;;;;;;;x
REVOLT_MAP;Revolt!;RÈvolte!;Revolte!;;°Revuelta!;;;;;;;;;x
PARTISANS_SETUP;When there is a partisan uprising for us to assume command over;Lorsque les partisans s'insurgent contre notre oppresseur.;Wenn wir einen Partisanenaufstand unter Kontrolle bringen m¸ssen;;Cuando hay un levantamiento partisano en nuestro favor.;;;;;;;;;x
PARTISANS_HEADER;$minister_of_intelligence$ reports;$minister_of_intelligence$ signale que;$minister_of_intelligence$ berichtet:;;$minister_of_intelligence$ nos informa que;;;;;;;;;x
PARTISANS_1;Partisans rising up against $EVIL$ in;se sont insurgÈs contre $EVIL$ dans la province :;Partisanen erheben sich gegen $EVIL$ in;;los partisanos se han levantado contra $EVIL$ en;;;;;;;;;x
PARTISANS_2;$PROV$;$PROV$.;$PROV$;;$PROV$;;;;;;;;;x
PARTISANS_3;Patriotic citizens have taken up arms in $PROV$ and put together a fighting force to attempt to retake our home territory.;Des citoyens patriotes ont pris les armes dans la province $PROV$ et ont rÈuni des forces armÈes pour tenter de reprendre notre mËre patrie.;Patriotische B¸rger greifen in $PROV$ zu den Waffen und organisieren eine k‰mpfende Truppe, um unser Heimatgebiet zur¸ck zu erobern.;;Unos ciudadanos patriotas han tomado las armas en $PROV$ y han organizado una fuerza de combate con la intenciÛn de retomar nuestro territorio.;;;;;;;;;x
PARTISANS_4;*;*;*;;*;;;;;;;;;x
PARTISANS_5;*;*;*;;*;;;;;;;;;x
PARTISANS_6;*;*;*;;*;;;;;;;;;x
PARTISANS_LOG;Partisans rising up for us in $PROV$.;Des partisans se sont rÈvoltÈs au nom de notre patrie dans la province : $PROV$.;Partisanen erheben sich f¸r uns in $PROV$.;;Levantamiento partisano en nuestro favor en $PROV$.;;;;;;;;;x
PARTISANS_BTN1;OK;OK;OK;;Aceptar;;;;;;;;;x
PARTISANS_BTN2;OK;OK;OK;;Aceptar;;;;;;;;;x
PARTISANS_BTN3;Goto;Aller ‡;Gehe zu;;Ir allÌ;;;;;;;;;x
PARTISANS_MAP;Partisans!;Partisans!;Partisanen!;;°Partisanos!;;;;;;;;;x
MAJOREVENTHAPPENOTHEROPTION_SETUP;When a Major event with multiple choices happens to another country.;Lorsqu'un ÈvÈnement ‡ choix multiple majeur se produit pour un autre pays.;Wenn ein wichtiges Ereignis mit mehreren Auswahlmˆglichkeiten f¸r ein anderes Land eintritt.;;A otro paÌs le ocurre un suceso importante con m˙ltiples opciones.;;;;;;;;;x
MAJOREVENTHAPPENOTHEROPTION_HEADER;$foreign_minister$ reports on;$foreign_minister$ a rÈdigÈ un rapport concernant :;$foreign_minister$ berichtet:;;$foreign_minister$ nos informa sobre;;;;;;;;;x
MAJOREVENTHAPPENOTHEROPTION_1;$COUNTRY$;$COUNTRY$.;$COUNTRY$;$COUNTRY$;$COUNTRY$;$COUNTRY$;$COUNTRY$;$COUNTRY$;;;;;;x
MAJOREVENTHAPPENOTHEROPTION_2;Our Embassy has heard that;Notre ambassade a appris que lorsque;Unsere Botschaft hat gehˆrt, dass in $COUNTRY$ das Ereignis;;Nuestra embajada se ha enterado de que ha ocurrido;;;;;;;;;x
MAJOREVENTHAPPENOTHEROPTION_3;$EVENT$;$EVENT$;$EVENT$;$EVENT$.;$EVENT$;$EVENT$,;$EVENT$;$EVENT$;;;;;;x
MAJOREVENTHAPPENOTHEROPTION_4;They chose;avait eu lieu, ils avaient choisi de;stattfand. Sie w‰hlten;;y han escogido;;;;;;;;;x
MAJOREVENTHAPPENOTHEROPTION_5;$OPTION$;$OPTION$;$OPTION$;$OPTION$;$OPTION$;$OPTION$;$OPTION$;$OPTION$;;;;;;x
MAJOREVENTHAPPENOTHEROPTION_6;as their choice of action.;parmi les choix qui leur Ètaient offerts.;*;jako opcjÍ dzia≥ania.;como curso de acciÛn.;.;Ès cselekedett is.;jako svoji volbu.;;;;;;x
MAJOREVENTHAPPENOTHEROPTION_LOG;Major Event: $OPTION$ in $EVENT$ for $COUNTRY$.;…vÈnement majeur : $COUNTRY$ a choisi de $OPTION$ lors de $EVENT$.;Ereignis: $OPTION$ in $EVENT$ f¸r $COUNTRY$.;$COUNTRY$. $EVENT$. $OPTION$;Suceso importante: $OPTION$ en $EVENT$ para $COUNTRY$.;Evento: $OPTION$ per $EVENT$ in $COUNTRY$.;EsemÈny: $COUNTRY$ nemzete a/az $OPTION$ lehetısÈget v·lasztotta erre az esemÈnyre v·laszolva: $EVENT$.;Ud·lost: $OPTION$ v $EVENT$ pro $COUNTRY$.;;;;;;x
MAJOREVENTHAPPENOTHEROPTION_BTN1;OK;OK;OK;OK;Aceptar;OK;Rendben;OK;;;;;;x
MAJOREVENTHAPPENOTHEROPTION_BTN2;OK;OK;OK;OK;Aceptar;OK;Rendben;OK;;;;;;x
MAJOREVENTHAPPENOTHEROPTION_BTN3;GOTO;ALLER ¿;Gehe zu;IDù DO;Ir allÌ;ANDARE;Menj ide:;PÿEJÕT NA;;;;;;x
MAJOREVENTHAPPENOTHEROPTION_MAP;*;*;*;*;*;*;*;;;;;;;x
MAJOREVENTHAPPENOTHER_SETUP;When a Major event with a single choice happens to another country.;Lorsqu'un ÈvÈnement ‡ choix unique se produit pour un autre pays.;Wenn ein wichtiges Ereignis mit nur einer Auswahlmˆglichkeit f¸r ein anderes Land eintritt.;;A otro paÌs le ocurre un suceso importante con una ˙nica opciÛn.;;;;;;;;;x
MAJOREVENTHAPPENOTHER_HEADER;$foreign_minister$ reports on;Selon les rapports de $foreign_minister$ concernant;$foreign_minister$ berichtet:;;$foreign_minister$ informa sobre;;;;;;;;;x
MAJOREVENTHAPPENOTHER_1;$COUNTRY$;$COUNTRY$,;$COUNTRY$;$COUNTRY$;$COUNTRY$;$COUNTRY$;$COUNTRY$;$COUNTRY$;;;;;;x
MAJOREVENTHAPPENOTHER_2; ;il semble que;Aus $COUNTRY$ wurde uns folgendes Ereignis berichtet:;;Parece que;;;;;;;;;x
MAJOREVENTHAPPENOTHER_3;$EVENT$;$EVENT$;$EVENT$;$EVENT$;$EVENT$;$EVENT$,;$EVENT$;$EVENT$;;;;;;x
MAJOREVENTHAPPENOTHER_4;$EVENTDESC$;$EVENTDESC$;$EVENTDESC$;$EVENTDESC$;$EVENTDESC$;$EVENTDESC$;$EVENTDESC$;;;;;;;x
MAJOREVENTHAPPENOTHER_5;*;*;*;;les ha sucedido;;;;;;;;;x
MAJOREVENTHAPPENOTHER_6;*;*;*;*;*;*;*;;;;;;;x
MAJOREVENTHAPPENOTHER_LOG;Major Event: $EVENT$ in $COUNTRY$.;…vÈnement majeur : $EVENT$ a eu lieu pour $COUNTRY$.;Ereignis: $EVENT$ in $COUNTRY$.;$COUNTRY$. $EVENT$.;Suceso importante: $EVENT$ en $COUNTRY$.;Evento: $EVENT$ in $COUNTRY$.;EsemÈny: $EVENT$ $COUNTRY$ nemzetÈnÈl.;Ud·lost: $EVENT$ v $COUNTRY$.;;;;;;x
MAJOREVENTHAPPENOTHER_BTN1;OK;OK;OK;OK;Aceptar;OK;Rendben;OK;;;;;;x
MAJOREVENTHAPPENOTHER_BTN2;OK;OK;OK;OK;Aceptar;OK;Rendben;OK;;;;;;x
MAJOREVENTHAPPENOTHER_BTN3;*;*;*;*;*;*;*;;;;;;;x
MAJOREVENTHAPPENOTHER_MAP;*;*;*;*;*;*;*;;;;;;;x
BUILDING_DONE_SETUP;When a building is finished.;Lorsque la construction est terminÈe.;Wenn ein Geb‰ude vollendet wird.;Kiedy budowa jest zakoÒczona.;Cuando se finalice un edificio.;Quando un edificio Ë stato completato;Mikor egy ÈpÌtkezÈs befejezıdik.;Kdyû je dokonËena budova.;;;;;;x
BUILDING_DONE_HEADER;Building is complete.;Construction terminÈe.;Geb‰ude ist fertig.;UkoÒczono budowÍ.;Edificio completado;Edificio completato.;…pÌtmÈny elkÈsz¸lt.;Budova je dokonËena.;;;;;;x
BUILDING_DONE_1;$NAME$;La construction de $NAME$;$NAME$;Budynek $NAME$;$NAME$;$NAME$;A/az $NAME$;$NAME$;;;;;;x
BUILDING_DONE_2;in the province;dans la province;in der Provinz;w prowincji;en la provincia;nella provincia di;elkÈsz¸lt a/az;v provincii;;;;;;x
BUILDING_DONE_3;$PROV$;$PROV$;$PROV$;$PROV$;$PROV$;$PROV$;$PROV$;$PROV$;;;;;;x
BUILDING_DONE_4;is completed.;est achevÈe.;ist fertig.;zosta≥ ukoÒczony.;se ha completado.;Ë stato completato.;nev˚ tartom·nyodban.;je hotova.;;;;;;x
BUILDING_DONE_5;*;*;*;*;*;*;*;;;;;;;x
BUILDING_DONE_6;*;*;*;*;*;*;*;;;;;;;x
BUILDING_DONE_LOG;$NAME$ has been built in $PROV$.;$NAME$ a ÈtÈ construit dans la province : $PROV$.;$NAME$ wurde in $PROV$ gebaut.;Zbudowano $NAME$ w prowincji $PROV$.;Se ha construido $NAME$ en $PROV$.;$NAME$: costruito in $PROV$.;$NAME$ Èp¸lt $PROV$ nev˚ tartom·nyodban.;$NAME$ byla postavena v $PROV$.;;;;;;x
BUILDING_DONE_BTN1;OK;OK;OK;OK;Aceptar;OK;Rendben;OK;;;;;;x
BUILDING_DONE_BTN2;OK;OK;OK;OK;Aceptar;OK;Rendben;OK;;;;;;x
BUILDING_DONE_BTN3;GOTO;ALLER ¿;Gehe zu;IDù DO;Ir allÌ;ANDARE;Menj ide:;PÿEJÕT NA;;;;;;x
BUILDING_DONE_MAP;$NAME$ has been built in $PROV$.;$NAME$ a ÈtÈ construit dans la province : $PROV$.;$NAME$ wurde in $PROV$ gebaut.;Zbudowano $NAME$ w prowincji $PROV$.;Se ha construido $NAME$ en $PROV$.;$NAME$: costruito in $PROV$.;$NAME$ Èp¸lt $PROV$ nev˚ tartom·nyodban.;$NAME$ byla postavena v $PROV$.;;;;;;x
TRIGMOD_SETUP;When you are affected by a triggered modifier (ex The Sound Toll);Quand vous Ítes affectÈ par un modificateur activable (ex pÈage maritime).;Wenn Sie von einem ausgelˆsten Modifikator betroffen werden (z. B. Sundzoll);Kiedy modyfikator zwiπzany z okreúlonym wydarzeniem wp≥ywa na twoje paÒstwo (np. c≥o narzucone przez paÒstwo trzecie);Afectado por modificador desencadenado (como sonido de peaje).;Quando subisci l'influenza di un modificatore condizionato (ad es. il Pedaggio sullo Stretto);Mikor valami esemÈny mÛdosul·sa van r·d hat·ssal (kor·bbi hang-v·m);Kdyû jste subjektem trojn·sobnÈho modifik·toru;;;;;;x
TRIGMOD_HEADER;$head_of_government$ reports that;$head_of_government$ signale;$head_of_government$ berichtet dass;;$head_of_government$ informa de;;;;;;;;;x
TRIGMOD_1;$NAME$;que $NAME$ s'est produit.;$NAME$;$NAME$;$NAME$;$NAME$;$NAME$;$NAME$;;;;;;x
TRIGMOD_2;$MONARCHTITLE$, $NAME$ ßGhappenedßb to us.;$MONARCHTITLE$, $NAME$ s'est produit pour notre pays.;$MONARCHTITLE$;$NAME$;$MONARCHTITLE$, nos ha ocurrido $NAME$.;$MONARCHTITLE$, si Ë verificato: $NAME$.;$NAME$ tˆrtÈnt vel¸nk.;$MONARCHTITLE$, $NAME$ se n·m p¯ihodilo.;;;;;;x
TRIGMOD_3;*;*;*;*;*;*;*;;;;;;;x
TRIGMOD_4;*;*;*;*;*;*;*;;;;;;;x
TRIGMOD_5;Effect:;Effet :;Effekt:;Efekt:;Efecto:;Effetto:;Hat·s:;Efekt:;;;;;;x
TRIGMOD_6;$EFFECT$;$EFFECT$;$EFFECT$;$EFFECT$;$EFFECT$;$EFFECT$;$EFFECT$;$EFFECT$;;;;;;x
TRIGMOD_LOG;We had $NAME$ happen to us.;$NAME$ nous est arrivÈ.;Uns ist ein $NAME$ widerfahren.;$NAME$;Nos ha ocurrido $NAME$.;Si Ë verificato $NAME$.;$NAME$ tˆrtÈnt vel¸nk.;P¯ihodilo se n·m $NAME$.;;;;;;x
TRIGMOD_BTN1;OK;OK;OK;OK;Aceptar;OK;Rendben;OK;;;;;;x
TRIGMOD_BTN2;OK;OK;OK;OK;Aceptar;OK;Rendben;OK;;;;;;x
TRIGMOD_BTN3;Details;DÈtails;Details;SzczegÛ≥y;Detalles;Dettagli;RÈszletek;Detaily;;;;;;x
TRIGMOD_MAP;*;*;*;*;*;*;*;;;;;;;x
TRIGMODLOST_SETUP;When the effect of a triggered modifier ceases.(ex The Sound Toll);Lorsqu'un modificateur activable ne fait plus effet (ex pÈage maritime).;Wenn der Effekt eines ausgelˆsten Modifikators endet (z. B. Sundzoll);Kiedy modyfikator zwiπzany z okreúlonym wydarzeniem przestaje oddzia≥ywaÊ na twoje paÒstwo (np. c≥o narzucone przez paÒstwo trzecie);Cesa efecto modificador desencadenado (como sonido de peaje).;Quando l'effetto di un modificatore condizionato (ad es. il Pedaggio sullo Stretto) cessa;Mikor egy mÛdosÌt·st okozÛ esemÈny befejezıdik (kor·bbi hang-v·m);Kdyû jste subjektem trojn·sobnÈho modifik·toru.;;;;;;x
TRIGMODLOST_HEADER;$head_of_government$ reports that;$head_of_government$ nous informe que;$head_of_government$ berichtet dass;;$head_of_government$ informa de;;;;;;;;;x
TRIGMODLOST_1;$NAME$;$NAME$ a eu lieu.;$NAME$;$NAME$;$NAME$;$NAME$;$NAME$;$NAME$;;;;;;x
TRIGMODLOST_2;We have ßRlostßb the effects of the $NAME$;$NAME$ n'a plus aucun effet sur nous.;$NAME$ hat keinen Effekt mehr auf uns;Koniec $NAME$.;Hemos perdido los efectos de $NAME$;$EXPLANATION$;$EXPLANATION$;Kdyû ztratÌme efekty $NAME$;;;;;;x
TRIGMODLOST_3;*;*;*;*;*;*;*;;;;;;;x
TRIGMODLOST_4;*;*;*;*;*;*;*;;;;;;;x
TRIGMODLOST_5;Effect:;Effet :;Effekt:;Efekt:;Efecto:;Effetto:;Hat·s:;Efekt:;;;;;;x
TRIGMODLOST_6;$EFFECT$;$EFFECT$;$EFFECT$;$EFFECT$;$EFFECT$;$EFFECT$;$EFFECT$;$EFFECT$;;;;;;x
TRIGMODLOST_LOG;$NAME$ is no longer affecting us.;$NAME$ ne nous affecte plus.;$NAME$ beeinflusst uns nicht mehr.;$NAME$ nie ma juø na nas wp≥ywu.;$NAME$ ya no nos afecta.;$NAME$ non ha pi˘ alcuna influenza su di noi.;A/az $NAME$ m·r nincs r·nk hat·ssal.;$NAME$ se uû na n·s nevztahuje.;;;;;;x
TRIGMODLOST_BTN1;OK;OK;OK;OK;Aceptar;OK;Rendben;OK;;;;;;x
TRIGMODLOST_BTN2;OK;OK;OK;OK;Aceptar;OK;Rendben;OK;;;;;;x
TRIGMODLOST_BTN3;Details;DÈtails;Details;SzczegÛ≥y;Detalles;Dettagli;RÈszletek;Detaily;;;;;;x
TRIGMODLOST_MAP;*;*;*;*;*;*;*;;;;;;;x
LEADERDIED_SETUP;When one of our leaders has died;Lorsque l'un de nos leaders meurt.;Wenn einer unserer Anf¸hrer stirbt;Kiedy jeden z naszych dowÛdcÛw umiera;Cuando muere uno de nuestros lÌderes.;Quando muore uno dei nostri leader;Ha az egyik vezÈr¸nk meghal;Kdyû jeden z naöich v˘dc˘ zem¯e;;;;;;x
LEADERDIED_HEADER;$MESSENGER$;$MESSENGER$;$MESSENGER$;$MESSENGER$;$MESSENGER$;$MESSENGER$;$MESSENGER$;$MESSENGER$;;;;;;x
LEADERDIED_1;A Military Leader has died!;Un de nos leaders militaires est mort!;Ein Kommandauer ist gestorben!;DowÛdca umar≥!;°Ha muerto un lÌder militar!;Un condottiero Ë morto!;Egy katonai vezetınk elesett!;Vojensk˝ velitel zem¯el!;;;;;;x
LEADERDIED_2;$MONARCHTITLE$, we have ill news indeed;$MONARCHTITLE$, nous avons en effet de tristes nouvelles.;$MONARCHTITLE$, wir haben wahrlich schlechte Nachrichten:;Mamy smutne wieúci - ;$MONARCHTITLE$, tenemos malas noticias;$MONARCHTITLE$, abbiamo pessime notizie.;Rossz hÌreket hoztunkÖ;$MONARCHTITLE$, p¯in·öÌme öpatnÈ zpr·vy;;;;;;x
LEADERDIED_3;$TYPE$ $NAME$ is Dead!;$TYPE$ $NAME$ est mort!;$TYPE$ $NAME$ ist tot!;$TYPE$ $NAME$ nie øyje!;°$TYPE$ $NAME$ ha muerto!;$TYPE$ $NAME$ Ë morto!;$NAME$, a nagyszer˚ $TYPE$ halott!;$TYPE$ $NAME$ je mrtev!;;;;;;x
LEADERDIED_4;He served us faithfully and well. Only the finest funeral will do for such a colossus of the battlefield.;Il nous a servi avec loyautÈ et compÈtence. Un tel titan du champ de bataille mÈrite les plus belles funÈrailles.;Er hat uns treu und gut gedient. F¸r solch einen Helden ist nur das glorreichste Begr‰bnis gut genug.;S≥uøy≥ nam dobrze i wiernie. PostaÊ tego formatu zas≥uguje na najwspanialszy pogrzeb. ;Nos sirviÛ con eficacia y lealtad. Solo el mejor funeral ser· apropiado para tal coloso de la batalla.;Ci ha servito bene e fedelmente, sar‡ necessario allestire una solenne commemorazione funebre per onorare un simile eroe.;H˚sÈggel Ès becs¸lettel szolg·lt minket, kij·r neki a legpomp·zatosabb temetÈs!;Slouûil n·m vÏrnÏ a dob¯e, takov˝ velik·n bitevnÌch polÌ si zaslouûÌ jen ten nejd˘stojnÏjöÌ poh¯eb.;;;;;;x
LEADERDIED_5;*;*;*;*;*;*;*;;;;;;;x
LEADERDIED_6;*;*;*;*;*;*;*;;;;;;;x
LEADERDIED_LOG;$TYPE$ $NAME$ has died.;$TYPE$ $NAME$ est mort.;$TYPE$ $NAME$ ist gestorben.;$TYPE$ $NAME$ umiera.;$TYPE$ $NAME$ ha muerto.;$TYPE$ $NAME$ Ë morto.;$NAME$ $TYPE$ elesett.;$TYPE$ $NAME$ zem¯el.;;;;;;x
LEADERDIED_BTN1;OK;OK;OK;OK;Aceptar;OK;Rendben;OK;;;;;;x
LEADERDIED_BTN2;OK;OK;OK;OK;Aceptar;OK;Rendben;OK;;;;;;x
LEADERDIED_BTN3;Goto;Aller ‡;Gehe zu;Idü do;Ir allÌ;Andare;Ugr·s;P¯ejÌt na;;;;;;x
LEADERDIED_MAP;*;*;*;*;*;*;*;;;;;;;x