PATROLTRACK_SETUP;When a patrol finds a fleet;Lorsqu'une patrouille trouve une flotte;Wenn eine Patrouille eine Flotte findet;;Cuando una patrulla encuentra una flota.;;;;;;;;;x
PATROLTRACK_HEADER;$chief_of_navy$ reports.;Rapports de $chief_of_navy$.;$chief_of_navy$ berichtet:;;$chief_of_navy$ informa.;;;;;;;;;x
PATROLTRACK_1;Contact!;Contact !;Kontakt!;;°Contacto!;;;;;;;;;x
PATROLTRACK_2;$MONARCHTITLE$, the;$MONARCHTITLE$,;$MONARCHTITLE$,;;$MONARCHTITLE$, el;;;;;;;;;x,,,,,
PATROLTRACK_3;$OUR_FLEET$;$OUR_FLEET$;$OUR_FLEET$;;$OUR_FLEET$;;;;;;;;;x
PATROLTRACK_4;has found another fleet in;a trouvÈ une autre flotte dans la province;fand eine andere Flotte in;;ha encontrado a otra flota en;;;;;;;;;x
PATROLTRACK_5;$PROV$;$PROV$;$PROV$;;$PROV$;;;;;;;;;x
PATROLTRACK_6;This fleet belongs to $OTHER$.;Cette flotte appartient ‡ $OTHER$.;Diese Flotte ist aus $OTHER$.;;Esta flota pertenece a $OTHER$.;;;;;;;;;x
PATROLTRACK_LOG;$OUR_FLEET$ found $OTHERS$ fleet in $PROV$.;$OUR_FLEET$ a trouvÈ une flotte $OTHERS$ dans la province $PROV$.;$OUR_FLEET$ fand eine $OTHERS$ Flotte in $PROV$.;;$OUR_FLEET$ encontrÛ la flota de $OTHERS$ en $PROV$.;;;;;;;;;x
PATROLTRACK_BTN1;OK;OK;OK;OK;OK;OK;Rendben;OK;;;;;;x
PATROLTRACK_BTN2;OK;OK;OK;OK;OK;OK;Rendben;OK;;;;;;x
PATROLTRACK_BTN3;Goto;Aller ‡;Gehe zu;Idü do;Ir allÌ;Andare;Ugr·s;P¯ejÌt na;;;;;;x
PATROLTRACK_MAP;Fleet Found!;Flotte repÈrÈe !;Flotte aufgekl‰rt;°Flota encontrado!;;;;;;;;;;
REINFORCE_SETUP;When a reserve fleet dispatches a unit;Lorsqu'une flotte de rÈserve envoie une unitÈ;Wenn eine Reserveflotte eine Einheit abstellt;;Cuando una flota de reserva envÌa a una unidad.;;;;;;;;;x
REINFORCE_HEADER;$chief_of_navy$ reports.;Rapports de $chief_of_navy$.;$chief_of_navy$ berichtet:;;$chief_of_navy$ informa de;;;;;;;;;x
REINFORCE_1;Replacements Sent!;Renforts envoyÈs !;Verst‰rkung ist unterwegs!;;°Refuerzos enviados!;;;;;;;;;x
REINFORCE_2;$MONARCHTITLE$, the;$MONARCHTITLE$,;$MONARCHTITLE$, ;;$MONARCHTITLE$, el;;;;;;;;;x
REINFORCE_3;$RESERVE$;$RESERVE$;$RESERVE$;;$RESERVE$;;;;;;;;;x
REINFORCE_4;has dispatched a fleet to;a envoyÈ une flotte vers;schickte eine Flotte nach;;ha enviado una flota a;;;;;;;;;x
REINFORCE_5;$TARGET$;$TARGET$;$TARGET$;;$TARGET$;;;;;;;;;x
REINFORCE_6;$RESERVE$ now has $CAP$ capital ships, $SUB$ Submarines and $OTHER$ other shiptypes left.;$RESERVE$ dispose maintenant de $CAP$ navires capitaux, de $SUB$ sous-marins et de $OTHER$ navires d'autres types.;$RESERVE$ hat nun $CAP$ Groﬂkampfschiffe, $SUB$ U-Boote und $OTHER$ andere Schiffstypen ¸brig.;;A $RESERVE$ le quedan ahora $CAP$ grandes unidades, $SUB$ submarinos y $OTHER$ de otros tipos de barcos.;;;;;;;;;x
REINFORCE_LOG;$RESERVE$ dispatched a fleet to $TARGET$.;$RESERVE$ a envoyÈ une flotte vers $TARGET$.;$RESERVE$ schickte eine Flotte nach $TARGET$.;;$RESERVE$ enviÛ una flota a $TARGET$.;;;;;;;;;x
REINFORCE_BTN1;OK;OK;OK;OK;OK;OK;Rendben;OK;;;;;;x
REINFORCE_BTN2;OK;OK;OK;OK;OK;OK;Rendben;OK;;;;;;x
REINFORCE_BTN3;Goto;Aller ‡;Gehe zu;Idü do;Ir allÌ;Andare;Ugr·s;P¯ejÌt na;;;;;;x
REINFORCE_MAP;Reserves!;RÈserve !;Reserve!;;°Reserva!;;;;;;;;;x
REINFORCEAIR_SETUP;When a reserve air unit dispatches a unit;Lorsqu'une unitÈ de rÈserve aÈrienne envoie une unitÈ;Wenn eine Reservelufteinheit eine Einheit abstellt;;Cuando una unidad aÈrea de la reserva envÌa una unidad;;;;;;;;;x
REINFORCEAIR_HEADER;$chief_of_air$ reports.;Rapports de $chief_of_air$.;$chief_of_air$ berichtet:;;$chief_of_air$ nos informa de;;;;;;;;;x
REINFORCEAIR_1;Replacements Sent!;Renforts envoyÈs !;Verst‰rkung ist unterwegs!;;°Refuerzos enviados!;;;;;;;;;x
REINFORCEAIR_2;$MONARCHTITLE$, the;$MONARCHTITLE$,;$MONARCHTITLE$, ;;$MONARCHTITLE$, el;;;;;;;;;x
REINFORCEAIR_3;$RESERVE$;$RESERVE$;$RESERVE$;;$RESERVE$;;;;;;;;;x
REINFORCEAIR_4;has dispatched an air unit to;a envoyÈ une unitÈ aÈrienne vers;schickte eine Lufteinheit nach;;ha enviado una unidad aÈrea a;;;;;;;;;x
REINFORCEAIR_5;$TARGET$;$TARGET$.;$TARGET$;;$TARGET$;;;;;;;;;x
REINFORCEAIR_6;$RESERVE$ now has $NUM$ units left.;$RESERVE$ dispose maintenant de $NUM$ unitÈs.;$RESERVE$ hat nun $NUM$ Einheiten ¸brig.;;A $RESERVE$ le quedan ahora $NUM$ unidades.;;;;;;;;;x
REINFORCEAIR_LOG;$RESERVE$ dispatched a fleet to $TARGET$.;$RESERVE$ a envoyÈ une flotte vers $TARGET$.;$RESERVE$ schickte eine Flotte nach $TARGET$.;;$RESERVE$ enviÛ una flota a $TARGET$.;;;;;;;;;x
REINFORCEAIR_BTN1;OK;OK;OK;OK;OK;OK;Rendben;OK;;;;;;x
REINFORCEAIR_BTN2;OK;OK;OK;OK;OK;OK;Rendben;OK;;;;;;x
REINFORCEAIR_BTN3;Goto;Aller ‡;Gehe zu;Idü do;Ir allÌ;Andare;Ugr·s;P¯ejÌt na;;;;;;x
REINFORCEAIR_MAP;Reserves!;RÈserve !;Reserve!;;°Reserva!;;;;;;;;;x
PROVINCELOST_SETUP;When you lose control of a province;Lorsque vous perdez le contrÙle d'une province;Wenn Sie die Kontrolle ¸ber eine Provinz verlieren.;Kiedy tracisz nieufortyfikowanπ prowincjÍ;Cuando pierdes el control de una provincia.;Quando perdi una provincia non fortificata;Ha elvesztettÈl egy vÈdtelen provinci·t;Kdyû ztratÌte neopevnÏnou provincii;;;;;;x
PROVINCELOST_HEADER;$minister_of_security$ reports;$minister_of_security$ signale;$minister_of_security$ berichtet:;;°$minister_of_security$ informa de una;;;;;;;;;;x,,,,,,
PROVINCELOST_1;Province Lost!;qu'une province a ÈtÈ perdue !;Provinz verloren!;Prowincja stracona!;provincia perdida!;Provincia persa!;Elvesztett¸nk egy provinci·t;Provincie ztracena!;;;;;;x
PROVINCELOST_2;We have lost the province of;Nous avons perdu la province;Wir verloren die Provinz;Straciliúmy prowincjÍ;Hemos perdido la provincia de;Abbiamo perso la provincia di;Elvesztett¸k;Ztratili jsme provincii;;;;;;x
PROVINCELOST_3;$PROV$;$PROV$;$PROV$;$PROV$;$PROV$;$PROV$;$PROV$;$PROV$;;;;;;x
PROVINCELOST_4;to the despicable;qui est passÈe aux mains de;an ;na rzecz nikczemnego paÒstwa;ante;con la spregevole nazione di;tartom·nyt, mely most;a zÌskala ji mrzk· zemÏ;;;;;;x;,,,,,
PROVINCELOST_5;$COUNTRY$;$COUNTRY$;$COUNTRY$;$COUNTRY$;$COUNTRY$;$COUNTRY$;$COUNTRY$ kezÈre ker¸lt.;$COUNTRY$;;;;;;x
PROVINCELOST_6;We must reacquire it!;Nous devons la reconquÈrir !;Wir m¸ssen sie zur¸ckerobern!;Musimy jπ odzyskaÊ!;°Debemos recuperarla!;Dobbiamo riconquistarla!;Vissza kell szerezn¸nk!;MusÌme ji zÌskat zp·tky!;;;;;;x
PROVINCELOST_LOG;We lost $PROV$ to $COUNTRY$.;Nous avons perdu la province $PROV$ au bÈnÈfice du pays $COUNTRY$.;Wir haben $PROV$ an $COUNTRY$ verloren.;Straciliúmy prowincjÍ $PROV$ na rzecz $COUNTRY$.;Perdimos $PROV$ ante $COUNTRY$.;Abbiamo perso $PROV$ con $COUNTRY$.;$COUNTRY$ kezÈre ker¸lt $PROV$ tartom·nyunk.;Ztratili jsme provincii $PROV$ ve prospÏch zemÏ $COUNTRY$.;;;;;;x
PROVINCELOST_BTN1;Ok;Ok;Ok;OK;Aceptar;Ok;Ok;Ok;;;;;;x
PROVINCELOST_BTN2;Ok;Ok;Ok;OK;Aceptar;Ok;Ok;Ok;;;;;;x
PROVINCELOST_BTN3;Goto;Aller ‡;Gehe zu;Idü do;Ir allÌ;Andare;Menj ide!;P¯ejÌt na;;;;;;x
PROVINCELOST_MAP;Province Lost!;Province perdue !;Provinz verloren!;Prowincja stracona!;°Provincia perdida!;Provincia persa!;Elveszett egy provincia!;Provincie ztracena!;;;;;;x
UNITARRIVED_SETUP;When one of our divisions arrives at its destination;Lorsque l'une de nos unitÈs arrive ‡ destination;Wenn eine unserer Einheiten ihr Ziel erreicht;Kiedy jedna z naszych jednostek przybywa na miejsce;Cuando una de nuestras unidades llega a su destino.;Quando una delle nostre unit‡ arriver‡ a destinazione;Ha az egyik egysÈg¸nk megÈrkezett a cÈlponthoz.;Kdyû jedna z†naöich jednotek dorazÌ na mÌsto urËenÌ;;;;;;x
UNITARRIVED_HEADER;$chief_of_staff$ reports;$chief_of_staff$ signale que;$chief_of_staff$ berichtet:;;$chief_of_staff$ informa que;;;;;;;;;x
UNITARRIVED_1;$TYPE$ Arrived!;$TYPE$ est arrivÈ(e) !;$TYPE$ angekommen!;$TYPE$ przybywa!;°$TYPE$ ha llegado!;$TYPE$ arrivato!;$TYPE$ megÈrkezett!;$TYPE$ dorazila!;;;;;;x
UNITARRIVED_2;our $TYPE$ of;notre $TYPE$,;$MONARCHTITLE$, unsere $TYPE$ von;nasze $TYPE$ z;nuestro $TYPE$ de;$TYPE$ di;$TYPE$ egysÈg¸nk,;naöe $TYPE$ jmÈnem;;;;;;x,,,,;
UNITARRIVED_3;$NAME$;$NAME$;$NAME$;$NAME$;$NAME$;$NAME$;$NAME$;$NAME$;;;;;;x
UNITARRIVED_4;has safely arrived in;est arrivÈ sans encombre dans la province;ist sicher in;przybywa (-jπ) bezpiecznie do;ha llegado a salvo a;Ë arrivato in sicurezza a;sikeresen megÈrkezett;bezpeËnÏ dorazila do;;;;;;x
UNITARRIVED_5;$PROV$;$PROV$.;$PROV$ angekommen.;prowincji $PROV$;$PROV$;$PROV$;$PROV provinci·ra.;$PROV$;;;;;;x
UNITARRIVED_6;They are awaiting futher orders;Ils y attendent de nouveaux ordres.;Sie warten auf weitere Befehle.;Oczekujπ na dalsze rozkazy;Est·n esperando Ûrdenes adicionales;Attende ulteriori ordini;Tov·bbi parancsainkra v·rnak.;OËek·v· dalöÌ rozkazy.;;;;;;x
UNITARRIVED_LOG;$NAME$ arrived in $PROV$;$NAME$ est arrivÈ dans la province $PROV$;$NAME$ ist in $PROV$ angekommen;$NAME$ przyby≥ do prowincji $PROV$;$NAME$ llegÛ a $PROV$;;$NAME$ Ë arrivato in $PROV$Ë arrivato in;$NAME$ dorazil do $PROV$;;;;;;x
UNITARRIVED_BTN1;OK;OK;OK;OK;OK;OK;Rendben;OK;;;;;;x
UNITARRIVED_BTN2;OK;OK;OK;OK;OK;OK;Rendben;OK;;;;;;x
UNITARRIVED_BTN3;GOTO;ALLER ¿;Gehe zu;IDù DO;Ir allÌ;ANDARE;Menj ide:;PÿEJÕT NA;;;;;;x
UNITARRIVED_MAP;*;*;*;*;*;*;*;*;;;;;;x
UNIT_ATTACK_INFO_NAVY;With a total of $CAP$ capital ships, $SCR$ screens, $SUB$ submarines & $TRA$ transports.;Avec un total de $CAP$ navires capitaux, $SCR$ escortes, $SUB$ sous-marins et $TRA$ transporteurs.;Mit insgesamt $CAP$ Groﬂkampfschiffen, $SCR$ Begleitschiffen, $SUB$ U-Booten & $TRA$ Transportern.;;Un total de $CAP$ grandes unidades, $SCR$ escoltas, $SUB$ submarinos y $TRA$ transportes.;;;;;;;;;x,,,,;
UNIT_ATTACK_INFO_ARMY;With a total of $BRIG$ brigades organised into $UNIT$ divisions, totalling $MEN$ effective soldiers.;Avec un total de $BRIG$ brigades organisÈes en $UNIT$ unitÈs pour un effectif de $MEN$ soldats.;Mit $BRIG$ Brigaden, organisiert in $UNIT$ Einheiten, insgesamt $MEN$ kampff‰hige Soldaten.;;Un total de $BRIG$ brigadas organizadas en $UNIT$ unidad(es), y un total de $MEN$ soldados.;;;;;;;;;x,,,,,;
UNIT_ATTACK_INFO_AIR;With a total of $FIG$ fighters and $BOM$ bombers.;Avec un total de $FIG$ chasseurs et $BOM$ bombardiers.;Mit insgesamt $FIG$ J‰gern und $BOM$ Bombern.;;Un total de $FIG$ cazas y $BOM$ bombarderos.;;;;;;;;;x
ATTACKTHEM_SETUP;When one of our land divisions attacks the enemy ;Lorsque l'une de nos unitÈs terrestres attaque l'ennemi.;Wenn eine unserer Landeinheiten den Feind angreift;;Cuando una de nuestras unidades terrestres ataca al enemigo.;;;;;;;;;x
ATTACKTHEM_HEADER;$chief_of_staff$ reports that;$chief_of_staff$ signale que;$chief_of_staff$ berichtet:;;$chief_of_staff$ informa que;;;;;;;;;x
ATTACKTHEM_1;We have engaged the Enemy!;nous avons attaquÈ l'ennemi !;Aufeinandertreffen mit dem Feind!;;°Hemos entablado combate con el enemigo!;;;;;;;;;x
ATTACKTHEM_2;$MONARCHTITLE$, we have reports that battle has commenced in;$MONARCHTITLE$, nous vous informons que la bataille a commencÈ dans la province;$MONARCHTITLE$, uns wird gemeldet, dass eine Schlacht in;;$MONARCHTITLE$, nos informan que ha comenzado la batalla en;;;;;;;;;x,,,,,;
ATTACKTHEM_3;$PROV$.;$PROV$.;$PROV$ begonnen hat.;;$PROV$.;;;;;;;;;x
ATTACKTHEM_4;We are attacking forces of $DEFENDER$ and attempting to dislodge their defences. We have engaged with ;Nous sommes les forces d'attaque de $DEFENDER$ et nous tentons de dÈplacer leurs dÈfenses. Nous avons engagÈ le combat avec;Wir greifen Truppen aus $DEFENDER$ an und versuchen, sie aus ihren Stellungen zu werfen.;;Atacamos a las fuerzas de $DEFENDER$, en un intento de desbaratar sus defensas. Hemos entablado combate con ;;;;;;;;;x
ATTACKTHEM_5;*;*;Angreifer: $ATTUNIT$;;$ATTUNIT$\natacando a\n$DEFUNIT$;;;;;;;;;x
ATTACKTHEM_6;*;*;Verteidiger: $DEFUNIT$;;*;;;;;;;;;x
ATTACKTHEM_LOG;We have attacked the enemy in $PROV$.;Nous avons attaquÈ l'ennemi dans la province $PROV$.;Wir haben den Feind in $PROV$ angegriffen.;;Hemos atacado al enemigo en $PROV$.;;;;;;;;;x
ATTACKTHEM_BTN1;OK;OK;OK;;OK;;;;;;;;;x
ATTACKTHEM_BTN2;OK;OK;OK;;OK;;;;;;;;;x
ATTACKTHEM_BTN3;Goto;Aller ‡;Gehe zu;;Ir allÌ;;;;;;;;;x
ATTACKTHEM_MAP;Attack Commenced;*;*;;*;;;;;;;;;x
ATTACKUS_SETUP;When one of our land divisions is attacked by the enemy ;Lorsque l'une de nos unitÈs terrestres est attaquÈe par l'ennemi.;Wenn eine unserer Landeinheiten vom Feind angegriffen wird;;Una de nuestras unidades terrestres es atacada por el enemigo.;;;;;;;;;x
ATTACKUS_HEADER;$chief_of_staff$ reports that;$chief_of_staff$ signale que;$chief_of_staff$ berichtet:;;$chief_of_staff$ informa que;;;;;;;;;x
ATTACKUS_1;Our forces are under attack!;nos forces sont attaquÈes !;Unsere Truppen werden angegriffen!;;°Est·n atacando a nuestras fuerzas!;;;;;;;;;x
ATTACKUS_2;$MONARCHTITLE$, we have been attacked in;$MONARCHTITLE$, nous avons ÈtÈ attaquÈs dans la province;$MONARCHTITLE$, wir werden in;;$MONARCHTITLE$, hemos sido atacados en;;;;;;;;;x,,,,,;
ATTACKUS_3;$PROV$.;$PROV$.;$PROV$ angegriffen.;;$PROV$.;;;;;;;;;x
ATTACKUS_4;Hostile forces from $ATTACKER$ have engaged us with;Les forces ennemies de $ATTACKER$ ont engagÈ le combat avec nous et;Feindliche Truppen aus $ATTACKER$ greifen uns an.;;Fuerzas hostiles de $ATTACKER$ han entablado combate con nosotros con;;;;;;;;;x
ATTACKUS_5;*;$ATTUNIT$\nattaquent\n$DEFUNIT$.;Angreifer: $ATTUNIT$;;$ATTUNIT$\natacando a\n$DEFUNIT$;;;;;;;;;x
ATTACKUS_6;*;*;Verteidiger: $DEFUNIT$;;*;;;;;;;;;x
ATTACKUS_LOG;We have been attacked in $PROV$.;Nous avons ÈtÈ attaquÈs dans la province $PROV$.;Wir werden angegriffen in $PROV$.;;Hemos sido atacados en $PROV$.;;;;;;;;;x
ATTACKUS_BTN1;OK;OK;OK;;OK;;;;;;;;;x
ATTACKUS_BTN2;OK;OK;OK;;OK;;;;;;;;;x
ATTACKUS_BTN3;Goto;Aller ‡;Gehe zu;;Ir allÌ;;;;;;;;;x
ATTACKUS_MAP;Under attack!;*;*;;*;;;;;;;;;x
NAVALATTACKTHEM_SETUP;When one of our navies attacks the enemy;Lorsque l'une de nos marines attaque l'ennemi.;Wenn eine unserer Flotten den Feind angreift;;Cuando una de nuestras armadas ataca al enemigo.;;;;;;;;;x
NAVALATTACKTHEM_HEADER;$chief_of_navy$ reports;$chief_of_navy$ signale que;$chief_of_navy$ berichtet:;;$chief_of_navy$ informa de;;;;;;;;;x
NAVALATTACKTHEM_1;We have engaged a hostile navy!;nous avons engagÈ le combat contre une marine ennemie !;Aufeinandertreffen mit feindlicher Flotte!;;°Entablado combate con una armada hostil!;;;;;;;;;x
NAVALATTACKTHEM_2;$MONARCHTITLE$, our navy has engaged enemy ships in;$MONARCHTITLE$, notre marine a engagÈ le combat avec des navires ennemis dans la province;$MONARCHTITLE$, unsere Flotte befindet sich im Kampf mit feindlichen Schiffen;;$MONARCHTITLE$, nuestra marina ha entablado combate con barcos enemigos en;;;;;;;;;x,,,,,;
NAVALATTACKTHEM_3;$PROV$.;$PROV$.;aus $DEFENDER$ in $PROV$.;;$PROV$.;;;;;;;;;x
NAVALATTACKTHEM_4;An enemy fleet consisting of ships from $DEFENDER$ will be destroyed by;Une flotte ennemie composÈe de navires de $DEFENDER$ sera dÈtruite par;Angreifer: $ATTUNIT$;;Una flota enemiga compuesta por buques de $DEFENDER$ ser· destruida por;;;;;;;;;x
NAVALATTACKTHEM_5;$ATTUNIT$\nattacking\n$DEFUNIT$;$ATTUNIT$\nattaquant\n$DEFUNIT$.;Verteidiger: $DEFUNIT$;;$ATTUNIT$\natacando a\n$DEFUNIT$;;;;;;;;;x
NAVALATTACKTHEM_6;*;*;*;;*;;;;;;;;;x
NAVALATTACKTHEM_LOG;Our navy has engaged a hostile fleet in $PROV$.;Notre marine a engagÈ le combat avec une flotte ennemie dans la province $PROV$.;Unsere Flotte befindet sich im Kampf mit feindlichen Schiffen in $PROV$.;;Nuestra marina ha entablado combate con una flota hostil en $PROV$.;;;;;;;;;x
NAVALATTACKTHEM_BTN1;OK;OK;OK;;OK;;;;;;;;;x
NAVALATTACKTHEM_BTN2;OK;OK;OK;;OK;;;;;;;;;x
NAVALATTACKTHEM_BTN3;Goto;Aller ‡;Gehe zu;;Ir allÌ;;;;;;;;;x
NAVALATTACKTHEM_MAP;Engaging Enemy Fleet!;*;*;;*;;;;;;;;;x
NAVALATTACKUS_SETUP;When one of our navies is attacked by the enemy;Lorsque l'une de nos marines est attaquÈe par l'ennemi;Wenn eine unserer Flotten vom Feind angegriffen wird;;Cuando una de nuestras armadas es atacada por el enemigo.;;;;;;;;;x
NAVALATTACKUS_HEADER;$chief_of_navy$ reports;$chief_of_navy$ signale que;$chief_of_navy$ berichtet:;;$chief_of_navy$ informa de;;;;;;;;;x
NAVALATTACKUS_1;Our Navy is under attack!;notre marine est attaquÈe !;Unsere Flotte wird angegriffen!;;°Est·n atacando a nuestra armada!;;;;;;;;;x
NAVALATTACKUS_2;$MONARCHTITLE$, our navy has been engaged by enemy ships in;$MONARCHTITLE$, notre marine a ÈtÈ attaquÈe par des navires ennemis dans la province;$MONARCHTITLE$, unsere Schiffe wurden angegriffen von feindlichen Schiffen in;;$MONARCHTITLE$, buques enemigos han entablado combate con nuestra armada en;;;;;;;;;x,,,,,;
NAVALATTACKUS_3;$PROV$.;$PROV$.;$PROV$.;;$PROV$.;;;;;;;;;x
NAVALATTACKUS_4;An enemy fleet consisting of ships from $ATTACKER$ with;Une flotte ennemie composÈe de navires de $ATTACKER$ et de;Eine feindliche Flotte aus $ATTACKER$ mit;;una flota enemiga compuesta de buques de $ATTACKER$ con;;;;;;;;;x
NAVALATTACKUS_5;$ATTUNIT$\nattacking our\n$DEFUNIT$;$ATTUNIT$\nattaquant nos\n$DEFUNIT$.;$ATTUNIT$\nattackiert unsere\n$DEFUNIT$;;$ATTUNIT$\natacando a nuestro\n$DEFUNIT$;;;;;;;;;x
NAVALATTACKUS_6;*;*;*;;*;;;;;;;;;x
NAVALATTACKUS_LOG;Our fleet in $PROV$ is under attack from hostile ships.;Notre flotte est attaquÈe par des navires ennemis dans la province $PROV$.;Unsere Flotte in $PROV$ wird von feindlichen Schiffen angegriffen.;;Nuestra flota en $PROV$ est· siendo atacada por buques hostiles.;;;;;;;;;x
NAVALATTACKUS_BTN1;OK;OK;OK;;OK;;;;;;;;;x
NAVALATTACKUS_BTN2;OK;OK;OK;;OK;;;;;;;;;x
NAVALATTACKUS_BTN3;Goto;Aller ‡;Gehe zu;;Ir allÌ;;;;;;;;;x
NAVALATTACKUS_MAP;Fleet under attack!;Flotte attaquÈe !;*;;*;;;;;;;;;x
AIRATTACKTHEM_SETUP;When one of our air units attacks the enemy;Lorsque l'une de nos unitÈs aÈriennes attaque l'ennemi.;Wenn eine unserer Lufteinheiten den Feind angreift;;Cuando una de nuestras unidades aÈreas ataca al enemigo.;;;;;;;;;x
AIRATTACKTHEM_HEADER;$chief_of_air$ reports;$chief_of_air$ signale que;$chief_of_air$ berichtet:;;$chief_of_air$ nos informa de que;;;;;;;;;x
AIRATTACKTHEM_1;We have engaged the Enemy!;nous avons engagÈ le combat avec l'ennemi !;Aufeinandertreffen mit dem Feind!;;°hemos entablado combate con el enemigo!;;;;;;;;;x
AIRATTACKTHEM_2;$MONARCHTITLE$, our airforce have attacked our enemy in;$MONARCHTITLE$, nos forces aÈriennes ont attaquÈ l'ennemi dans la province;$MONARCHTITLE$, unsere Luftwaffe befindet sich ¸ber;;$MONARCHTITLE$, nuestra fuerza aÈrea ha atacado a nuestro enemigo en;;;;;;;;;x,,,,,;
AIRATTACKTHEM_3;$PROV$.;$PROV$.;$PROV$ im Kampf mit feindlichen Flugzeugen aus;;$PROV$.;;;;;;;;;x
AIRATTACKTHEM_4;The planes from $DEFENDER$ will be destroyed by;Les avions de $DEFENDER$ seront dÈtruits par;$DEFENDER$.;;Los aviones de $DEFENDER$ ser·n destruidos por;;;;;;;;;x
AIRATTACKTHEM_5;$ATTUNIT$\nattacking\n$DEFUNIT$;les $ATTUNIT$\nattaquant les\n$DEFUNIT$.;Angreifer: $ATTUNIT$;;$ATTUNIT$\natacando a\n$DEFUNIT$;;;;;;;;;x
AIRATTACKTHEM_6;*;*;Verteidiger: $DEFUNIT$;;*;;;;;;;;;x
AIRATTACKTHEM_LOG;Our air force has engaged targets above $PROV$.;Nos forces aÈriennes ont engagÈ des cibles au-dessus de la province $PROV$.;Unsere Flotte greift Ziele an ¸ber $PROV$.;;Nuestra fuerza aÈrea ha entablado combate con objetivos sobre $PROV$.;;;;;;;;;x
AIRATTACKTHEM_BTN1;OK;OK;OK;;OK;;;;;;;;;x
AIRATTACKTHEM_BTN2;OK;OK;OK;;OK;;;;;;;;;x
AIRATTACKTHEM_BTN3;Goto;Aller ‡;Gehe zu;;Ir allÌ;;;;;;;;;x
AIRATTACKTHEM_MAP;*;*;*;;*;;;;;;;;;x
AIRATTACKUS_SETUP;When one of our air units is attacked by the enemy;Lorsque l'une de nos unitÈs aÈriennes est attaquÈe par l'ennemi.;Wenn eine unserer Lufteinheiten vom Feind angegriffen wird;;Cuando una de nuestras unidades aÈreas es atacada por el enemigo.;;;;;;;;;x
AIRATTACKUS_HEADER;$chief_of_air$ reports;$chief_of_air$ signale que;$chief_of_air$ berichtet:;;$chief_of_air$ nos informa de que;;;;;;;;;x
AIRATTACKUS_1;We have planes under attack!;certains de nos avions sont attaquÈs !;Unsere Flugzeuge werden angegriffen!;;°Atacan a nuestros aviones!;;;;;;;;;x
AIRATTACKUS_2;$MONARCHTITLE$, we have received reports that our planes have been engaged by hostile aircraft above;$MONARCHTITLE$, nous avons reÁu des rapports faisant Ètat que certains de nos avions ont ÈtÈ attaquÈs par des avions ennemis au-dessus de la province;$MONARCHTITLE$, es wird gemeldet, dass unsere Flugzeuge;;$MONARCHTITLE$, nos informan que aeronaves hostiles han atacado a nuestros aviones sobre;;;;;;;;;x,,,,,;
AIRATTACKUS_3;$PROV$.;$PROV$.;in $PROV$ von feindlichen Flugzeugen aus;;$PROV$.;;;;;;;;;x
AIRATTACKUS_4;Aircraft from $ATTACKER$ with;Avions de $ATTACKER$ comportant;$ATTACKER$ angegriffen werden.;;Aeronaves de $ATTACKER$ con;;;;;;;;;x
AIRATTACKUS_5;$ATTUNIT$\nattacking our\n$DEFUNIT$;des $ATTUNIT$\nattaquant nos\n$DEFUNIT$.;Angreifer: $ATTUNIT$;;$ATTUNIT$\natacando a nuestro\n$DEFUNIT$;;;;;;;;;x
AIRATTACKUS_6;*;*;Verteidiger: $DEFUNIT$;;*;;;;;;;;;x
AIRATTACKUS_LOG;Hostile planes have engaged us above $PROV$.;Des avions ennemis nous ont attaquÈs au-dessus de la province $PROV$.;Feindflugzeuge greifen uns ¸ber $PROV$ an.;;Aviones hostiles nos han atacado sobre $PROV$.;;;;;;;;;x
AIRATTACKUS_BTN1;OK;OK;OK;;OK;;;;;;;;;x
AIRATTACKUS_BTN2;OK;OK;OK;;OK;;;;;;;;;x
AIRATTACKUS_BTN3;Goto;Aller ‡;Gehe zu;;Ir allÌ;;;;;;;;;x
AIRATTACKUS_MAP;*;*;*;;*;;;;;;;;;x
LANDBATTLEOVER_SETUP;When a land battle is over;Lorsqu'une bataille terrestre est terminÈe;Wenn eine Feldschlacht vorbei ist;Kiedy bitwa lπdowa dobiegnie koÒca;Cuando termina una batalla terrestre.;Quando finisce una battaglia di terra;Ha vÈge egy sz·razfˆldi ¸tkˆzetnek;Kdyû skonËÌ bitva na souöi;;;;;;x
LANDBATTLEOVER_HEADER;$chief_of_army$ reports that;$chief_of_army$ nous informe que;$chief_of_army$ berichtet:;;$chief_of_army$ nos informa de;;;;;;;;;x
LANDBATTLEOVER_1;$NAME$;$NAME$;Die $NAME$ ;$NAME$ jest skoÒczona!;$NAME$;$NAME$ !;A $NAME$ vÈget Èrt!;$NAME$ je u konce!;;;;;;x
LANDBATTLEOVER_2;$MONARCHTITLE$, we have $RESULT$;$MONARCHTITLE$, nous avons $RESULT$;$MONARCHTITLE$, wir haben;$RESULT$;$MONARCHTITLE$, °hemos $RESULT$;$MONARCHTITLE$, abbiamo $RESULT$;NÈp¸nk $RESULT$;$MONARCHTITLE$, zn·me v˝sledky: $RESULT$;;;;;;x;
LANDBATTLEOVER_3;The $NAME$!;Les $NAME$ !;Die $NAME$!;$NAME$!;la $NAME$!;$NAME$!;a $NAME$ ¸tkˆzetben!;$NAME$!;;;;;;x
LANDBATTLEOVER_4;During the struggle we suffered ßR$USLOSS$ßW casualties out of our $USNUM$ troops.;Pendant le combat $USLOSS$ de nos $USNUM$ troupes ont ÈtÈ tuÈes.;$RESULT$. W‰hrend des Kampfes wurden $USLOSS$ unserer $USNUM$ Soldaten getˆtet.;Podczas walk zginÍ≥o $USLOSS$ z $USNUM$ naszych øo≥nierzy.;Durante la lucha, $USLOSS$ de nuestras $USNUM$ tropas perecieron.;Nel corso della battaglia, $USLOSS$ dei nostri $USNUM$ uomini sono stati uccisi.;$USLOSS$ veszett oda a $USNUM$ fıs sereg¸nkbıl.;V bojÌch padlo $USLOSS$ z naöich $USNUM$ voj·k˘.;;;;;;x,,,;
LANDBATTLEOVER_5;$OTHER$;$OTHER$;$OTHER$;$OTHER$ - ;$OTHER$;$OTHER$;$OTHER$;$OTHER$;;;;;;x
LANDBATTLEOVER_6;has $OTHERRESULT$ the battle. Suffering ßG$THEIRLOST$ßW casualties, out of their $THEIRNUM$ troops.;a $OTHERRESULT$ la bataille. $THEIRLOST$ sur $THEIRNUM$ de leurs troupes ont ÈtÈ tuÈes.;hat die Schlacht $OTHERRESULT$. Von $THEIRNUM$ Soldaten fielen $THEIRLOST$.;$OTHERRESULT$ bitwÍ. Z armii liczπcej $THEIRNUM$, zginÍ≥o $THEIRLOST$ øo≥nierzy.;ha $OTHERRESULT$ la batalla. De $THEIRNUM$ tropas que tenÌan, han muerto $THEIRLOST$.;ha $OTHERRESULT$ la battaglia. Di $THEIRNUM$ uomini, $THEIRLOST$ sono stati uccisi.;$OTHERRESULT$ a csat·ban. Az ı oldalukon a $THEIRNUM$ fıbıl $THEIRLOST$ veszett oda.;dos·hl $OTHERRESULT$ v boji. Z $THEIRNUM$ voj·k˘ jich $THEIRLOST$ padlo.;;;;;;x,;
LANDBATTLEOVER_LOG;We $RESULT$ the $NAME$.;Nous avons $RESULT$ $NAME$.;Wir haben die $NAME$ $RESULT$.;$RESULT$ $NAME$.;Hemos $RESULT$ la $NAME$.;Noi abbiamo $RESULT$ $NAME$.;$NAME$ eredmÈnye: $RESULT$.;My jsme dos·hli: $RESULT$ $NAME$.;;;;;;x
LANDBATTLEOVER_BTN1;OK;OK;OK;OK;OK;OK;Rendben;OK;;;;;;x
LANDBATTLEOVER_BTN2;OK;OK;OK;OK;OK;OK;Rendben;OK;;;;;;x
LANDBATTLEOVER_BTN3;Goto;Aller ‡;Gehe zu;Idü do;Ir allÌ;Andare;Ugr·s;P¯ejÌt na;;;;;;x
LANDBATTLEOVER_MAP;$RESULT$ ;*;*;*;*;*;*;;;;;;;x
RESULT_LOSS;lost;perdu;verloren;Przegraliúmy;perdido;perso;veszÌtett;prohra;;;;;;x
RESULT_WON;won;gagnÈ;gewonnen;Wygraliúmy;ganado;vinto;nyert;vÌtÏzstvÌ;;;;;;x
WE;we;nous;wir;my;nosotros;noi;mi;my;;;;;;x
NAVALBATTLEOVER_SETUP;When a naval battle is over;Quand une bataille navale est terminÈe;Wenn eine Seeschlacht vorbei ist;Kiedy bitwa morska dobiegnie koÒca;Cuando acaba una batalla naval.;Quando finisce una battaglia navale;Ha egy tengeri ¸tkˆzetnek vÈge;Kdyû skonËÌ bitva na mo¯i;;;;;;x
NAVALBATTLEOVER_HEADER;$chief_of_navy$ reports that;$chief_of_navy$ nous informe au sujet de;$chief_of_navy$ berichtet:;;$chief_of_navy$ nos informa que;;;;;;;;;x
NAVALBATTLEOVER_1;$NAME$;$NAME$;Die $NAME$;$NAME$ jest skoÒczona!;$NAME$;$NAME$ Ë finita!;$NAME$ vÈget Èrt!;$NAME$ je u konce!;;;;;;x
NAVALBATTLEOVER_2;$MONARCHTITLE$, we have $RESULT$;$MONARCHTITLE$, nous avons $RESULT$;$MONARCHTITLE$, wir haben die $NAME$;$RESULT$;$MONARCHTITLE$, °hemos $RESULT$;$MONARCHTITLE$, abbiamo $RESULT$;NÈp¸nk $RESULT$;$MONARCHTITLE$, zn·me v˝sledky: $RESULT$;;;;;;x;
NAVALBATTLEOVER_3;The $NAME$!;$NAME$ !;$RESULT$. ;$NAME$!;la $NAME$!;$NAME$!;a $NAME$ tengeri ¸tkˆzetben!;$NAME$!;;;;;;x
NAVALBATTLEOVER_4;The fleet from;La flotte de;Die Flotte(n) von $OTHER$ ;Si≥y;La flota de;Le forze di:; ;Jednotky;;;;;;x
NAVALBATTLEOVER_5;$OTHER$;$OTHER$;$OTHERRESULT$.;$OTHER$ - ;$OTHER$;$OTHER$;$OTHER$ erıi;$OTHER$;;;;;;x
NAVALBATTLEOVER_6;is $OTHERRESULT$. We lost $SHIPS$ while they lost $THEIRSHIP$ .;est $OTHERRESULT$. Nous avons perdu $SHIPS$ alors qu'ils en ont perdu $THEIRSHIP$ .;Wir verloren $SHIPS$, $OTHER$ verlor $THEIRSHIP$.;;ha $OTHERRESULT$. Hemos perdido $SHIPS$ y ellos $THEIRSHIP$.;;;;;;;;;x
NAVALBATTLEOVER_LOG;We $RESULT$ the $NAME$.;Nous avons $RESULT$ $NAME$.;Wir haben die $NAME$ $RESULT$.;$RESULT$ $NAME$.;Hemos $RESULT$ la $NAME$.;Noi abbiamo $RESULT$ $NAME$.;$NAME$ eredmÈnye: $RESULT$.;My jsme dos·hli: $RESULT$ $NAME$.;;;;;;x
NAVALBATTLEOVER_BTN1;OK;OK;OK;OK;OK;OK;Rendben;OK;;;;;;x
NAVALBATTLEOVER_BTN2;OK;OK;OK;OK;OK;OK;Rendben;OK;;;;;;x
NAVALBATTLEOVER_BTN3;Goto;Aller ‡;Gehe zu;Idü do;Ir allÌ;Andare;Ugr·s;P¯ejÌt na;;;;;;x
NAVALBATTLEOVER_MAP;$RESULT$ ;$RESULT$ ;*;*;*;*;*;;;;;;;x
COMBAT_TRIUMPH;triumphant;victorieuse;hat triumphiert;w triumfie;vencedor;trionfante;diadalittas;vÌtÏzn˝;;;;;;x
COMBAT_FLEE;fleeing;en fuite;flieht;w ucieczce;huido;in fuga;megfutamodott;na ˙tÏku;;;;;;x
MY;My;mon;Mein;*;mi;Mio;EnyÈm;N·ö;;;;;;x
COMBAT_WINNERTYPE_THEIR;their;leur;ihre;ich;de incumplir su;loro;÷vÈk;jejich;;;;;;x
COMBAT_WINNERTYPE_OUR;our;notre;uns;nasze;nuestra;nostro;MiÈnk;naöe;;;;;;x
AIRBATTLEOVER_SETUP;When an air battle is over;Lorsqu'une bataille aÈrienne est terminÈe;Wenn eine Luftschlacht vorbei ist;;Cuando acaba una batalla aÈrea.;;;;;;;;;x
AIRBATTLEOVER_HEADER;$chief_of_air$ reports that;$chief_of_air$ nous informe que;$chief_of_air$ berichtet:;;$chief_of_navy$ nos informa que;;;;;;;;;x
AIRBATTLEOVER_1;$NAME$;$NAME$.;$NAME$;;$NAME$;;;;;;;;;x
AIRBATTLEOVER_2;$MONARCHTITLE$, we have $RESULT$;$MONARCHTITLE$, nous avons $RESULT$;$MONARCHTITLE$, wir haben $RESULT$;;$MONARCHTITLE$, °hemos $RESULT$;;;;;;;;;x,,,,,;
AIRBATTLEOVER_3;The $NAME$!;$NAME$ !;$NAME$!;;la $NAME$!;;;;;;;;;x
AIRBATTLEOVER_4;The forces of;Les forces de;Die Truppen von;;Las fuerzas de;;;;;;;;;x
AIRBATTLEOVER_5;$OTHER$;$OTHER$;$OTHER$;;$OTHER$;;;;;;;;;x
AIRBATTLEOVER_6;have $OTHERRESULT$.;sont $OTHERRESULT$.;haben $OTHERRESULT$.;;han $OTHERRESULT$.;;;;;;;;;x
AIRBATTLEOVER_LOG;We $RESULT$ the $NAME$.;Nous avons $RESULT$ $NAME$.;Wir $RESULT$: $NAME$.;;Hemos $RESULT$ la $NAME$.;;;;;;;;;x
AIRBATTLEOVER_BTN1;OK;OK;OK;;OK;;;;;;;;;x
AIRBATTLEOVER_BTN2;OK;OK;OK;;OK;;;;;;;;;x
AIRBATTLEOVER_BTN3;Goto;Aller ‡;Gehe zu;;Ir allÌ;;;;;;;;;x
AIRBATTLEOVER_MAP;*;*;*;;*;;;;;;;;;x
BOMBTHEM_SETUP;When one of our air units starts bombing the enemy;Lorsque l'une de nos unitÈs aÈriennes commence ‡ bombarder l'ennemi;Wenn eine unserer Lufteinheiten den Feind bombardiert;;Nuestras unidades aÈreas empieza a bombardear al enemigo.;;;;;;;;;x
BOMBTHEM_HEADER;$chief_of_air$ reports;$chief_of_air$ signale que;$chief_of_air$ berichtet:;;$chief_of_air$ nos informa que;;;;;;;;;x
BOMBTHEM_1;Bombing Started!;le bombardement a commencÈ !;Bombardierung begonnen!;;°Ha comenzado el bombardeo!;;;;;;;;;x
BOMBTHEM_2;ßG$MONARCHTITLE$, our airforce have started aßW;$MONARCHTITLE$, nos forces aÈriennes ont commencÈ par;$MONARCHTITLE$, unsere Luftwaffe begann eine;;$MONARCHTITLE$, nuestra fuerza aÈrea ha comenzado con;;;;;;;;;x,,,,,;
BOMBTHEM_3;ßG$ORDER$ßW;$ORDER$;$ORDER$ in;;$ORDER$;;;;;;;;;x
BOMBTHEM_4;in;dans ;$PROV$;;en;;;;;;;;;x
BOMBTHEM_5;$PROV$;$PROV$.;Angreifer: $ATTUNIT$;;$PROV$;;;;;;;;;x
BOMBTHEM_6;$ATTUNIT$\nattacking\n$DEFUNIT$;$ATTUNIT$\nattaquant\n$DEFUNIT$;Verteidiger: $DEFUNIT$;;$ATTUNIT$\natacando a\n$DEFUNIT$;;;;;;;;;x
BOMBTHEM_LOG;Our air force has started with a $ORDER$ of $PROV$.;Nos forces aÈriennes ont commencÈ ‡ $ORDER$ la province $PROV$.;Unsere Luftwaffe hat $ORDER$ von $PROV$ begonnen.;;Nuestra fuerza aÈrea ha comenzado con $ORDER$ de $PROV$.;;;;;;;;;x
BOMBTHEM_BTN1;OK;OK;OK;;OK;;;;;;;;;x
BOMBTHEM_BTN2;OK;OK;OK;;OK;;;;;;;;;x
BOMBTHEM_BTN3;Goto;Aller ‡;Gehe zu;;Ir allÌ;;;;;;;;;x
BOMBTHEM_MAP;*;*;*;;*;;;;;;;;;x
BOMBUS_SETUP;When we are bombed by hostile forces;Lorsque nous sommes bombardÈs par des forces ennemies;Wenn der Feind uns bombardiert;;Cuando nos bombardeen fuerzas hostiles.;;;;;;;;;x
BOMBUS_HEADER;$chief_of_air$ reports;$chief_of_air$ signale que;$chief_of_air$ berichtet:;;$chief_of_air$ nos informa de que;;;;;;;;;x
BOMBUS_1;Enemy Bombing Started!;des bombes sont larguÈes sur nous !;Wir werden bombardiert!;;°Las bombas caen sobre nosotros!;;;;;;;;;x
BOMBUS_2;ßR$MONARCHTITLE$, there are reports that hostile aircraft are performing aßW;$MONARCHTITLE$, des rapports font Ètat que des avions ennemis;$MONARCHTITLE$, es wird berichtet, dass uns ;;$MONARCHTITLE$, nos informan que aeronaves hostiles est·n haciendo un;;;;;;;;;x,,,,,;
BOMBUS_3;ßR$ORDER$ßW;$ORDER$ actuellement;feindliche Flugzeuge mit dem Befehl ;;$ORDER$;;;;;;;;;x
BOMBUS_4;in;la province;$ORDER$ in $PROV$ angreifen.;;en;;;;;;;;;x
BOMBUS_5;$PROV$;$PROV$.;Angreifer: $ATTUNIT$;;$PROV$;;;;;;;;;x
BOMBUS_6;$ATTUNIT$\nattacking\n$DEFUNIT$;$ATTUNIT$\nattaquant\n$DEFUNIT$;Verteidiger: $DEFUNIT$;;$ATTUNIT$\natacando a\n$DEFUNIT$;;;;;;;;;x
BOMBUS_LOG;Hostile planes are performing a $ORDER$ in $PROV$.;Des avions ennemis effectuent un $ORDER$ dans la province $PROV$.;Feindflugzeuge $ORDER$ in $PROV$.;;Aeronaves hostiles realizan un $ORDER$ en $PROV$.;;;;;;;;;x
BOMBUS_BTN1;OK;OK;OK;;OK;;;;;;;;;x
BOMBUS_BTN2;OK;OK;OK;;OK;;;;;;;;;x
BOMBUS_BTN3;Goto;Aller ‡;Gehe zu;;Ir allÌ;;;;;;;;;x
BOMBUS_MAP;*;*;*;;*;;;;;;;;;x
BOMBENDTHEM_SETUP;When one of our bombing attacks ends.;Lorsque l'un de nos bombardements se termine.;Wenn einer unser Bombenangriffe endet.;;Cuando finaliza uno de nuestros ataques de bombardeo.;;;;;;;;;x
BOMBENDTHEM_HEADER;$chief_of_air$ reports;$chief_of_air$ signale que;$chief_of_air$ berichtet:;;$chief_of_air$ nos informa de;;;;;;;;;x
BOMBENDTHEM_1;$ORDER$ ended!;$ORDER$ est terminÈ !;$ORDER$ beendet!;;°$ORDER$ finalizado!;;;;;;;;;x
BOMBENDTHEM_2;our air force has finished with its current $ORDER$ in;Nos forces aÈriennes ont terminÈ leur $ORDER$ dans la province;unsere Luftwaffe beendete $ORDER$ in;;Nuestra fuerza aÈrea ha finalizado su $ORDER$ actual en;;;;;;;;;x
BOMBENDTHEM_3;$PROV$;$PROV$.;$PROV$;;$PROV$;;;;;;;;;x
BOMBENDTHEM_4;ßGDoing the following damageßW;Cela a produit les dÈg‚ts suivants :;mit dem folgenden Schaden;;Han provocado los siguientes daÒos;;;;;;;;;x
BOMBENDTHEM_5;$DAMAGE$.;$DAMAGE$.;$DAMAGE$.;;$DAMAGE$.;;;;;;;;;x
BOMBENDTHEM_6;*;*;*;;*;;;;;;;;;x
BOMBENDTHEM_LOG;$ORDER$ performed in $PROV$;$ORDER$ effectuÈ dans la province $PROV$;$ORDER$ in $PROV$ ausgef¸hrt;;$ORDER$ realizado en $PROV$;;;;;;;;;x
BOMBENDTHEM_BTN1;OK;OK;OK;;OK;;;;;;;;;x
BOMBENDTHEM_BTN2;OK;OK;OK;;OK;;;;;;;;;x
BOMBENDTHEM_BTN3;Goto;Aller ‡;Gehe zu;;Ir allÌ;;;;;;;;;x
BOMBENDTHEM_MAP;$ORDER$;$ORDER$;*;;*;;;;;;;;;x
BOMBENDUS_SETUP;When a bombing by hostile forces ends.;Lorsque nous sommes bombardÈs par des forces ennemies;Wenn wir vom Feind bombardiert werden;;Cuando nos bombardeen fuerzas hostiles.;;;;;;;;;x
BOMBENDUS_HEADER;$chief_of_air$ reports;$chief_of_air$ signale que;$chief_of_air$ berichtet:;;$chief_of_air$ nos informa de que;;;;;;;;;x
BOMBENDUS_1;$ATTACKER_ADJ$ aircraft performed a $ORDER$;les avions de $ATTACKER_ADJ$ aircraft avaient $ORDER$;Wir werden bombardiert!;;Aeronaves $ATTACKER_ADJ$ realizaron un $ORDER$;;;;;;;;;x
BOMBENDUS_2;in;dans la province;$ATTACKER_ADJ$e Flugzeuge f¸hren einen;;en;;;;;;;;;x
BOMBENDUS_3;$PROV$;$PROV$.;$ORDER$ in $PROV$;;$PROV$;;;;;;;;;x
BOMBENDUS_4;ßRDoing the following damageßW;Ceci a produit les dÈg‚ts suivants :;mit dem folgenden Schaden aus:;;Han provocado los siguientes daÒos;;;;;;;;;x
BOMBENDUS_5;$DAMAGE$.;$DAMAGE$.;$DAMAGE$;;$DAMAGE$.;;;;;;;;;x
BOMBENDUS_6;*;*;*;;*;;;;;;;;;x
BOMBENDUS_LOG;$ATTACKER_ADJ$ aircraft did a $ORDER$ in $PROV$, $DAMAGE_SHORT$.;Les avions de $ATTACKER_ADJ$ ont $ORDER$ dans la province $PROV$, $DAMAGE_SHORT$.;$ATTACKER_ADJ$-Flugzeuge f¸hren $ORDER$ aus in $PROV$, $DAMAGE_SHORT$.;;Aeronaves $ATTACKER_ADJ$ realizaron un $ORDER$ en $PROV$, $DAMAGE_SHORT$.;;;;;;;;;x,,,,,;
BOMBENDUS_BTN1;OK;OK;OK;;OK;;;;;;;;;x
BOMBENDUS_BTN2;OK;OK;OK;;OK;;;;;;;;;x
BOMBENDUS_BTN3;Goto;Aller ‡;Gehe zu;;Ir allÌ;;;;;;;;;x
BOMBENDUS_MAP;$ORDER$;$ORDER$;*;;*;;;;;;;;;x
BOMB_DAMAGE_BUILDING;Damaging $NAME$ by $SIZE$.;DÈg‚ts subis par $NAME$ ‡ hauteur de $SIZE$.;Schaden von $SIZE$ gegen $NAME$.;;DaÒando a $NAME$ en $SIZE$.;;;;;;;;;x
BOMB_DAMAGE_MEN;Causing $SIZE$ casualties.;$SIZE$ soldats tuÈs.;$SIZE$ Soldaten getˆtet.;;Matando $SIZE$ soldados.;;;;;;;;;x
BOMB_DAMAGE_STOCKPILE;Reduced $NAME$ stockpile by $SIZE$.;Ressources de $NAME$ rÈduites de $SIZE$.;$NAME$-Vorr‰te um $SIZE$ reduziert.;;Reduciendo la reserva de recursos de $NAME$ en $SIZE$.;;;;;;;;;x
BOMB_DAMAGE_PRODUCTION;Damaging $NAME$ production by $SIZE$.;La production de $NAME$ a ÈtÈ endommagÈe ‡ hauteur de $SIZE$.;$NAME$-Produktion um $SIZE$ besch‰digt.;;DaÒando la producciÛn de $NAME$ en $SIZE$.;;;;;;;;;x
BOMB_DAMAGING_SHIPS;Damaging ships.;Navires endommagÈs.;Schiffe besch‰digt.;;DaÒando buques.;;;;;;;;;x
BOMB_SINK_SHIP;Sinking $SUNK$.;$SUNK$ coulÈs.;$SUNK$ versenkt.;;Hundiendo $SUNK$.;;;;;;;;;x