# Combat events;;;;;;;;;;;;;;x
general_winter_2;Attrition Fight;Attrition Fight;Abnutzungskampf;Wyczerpanie walk¹;;;;;;;;;;x
# Common Units;;;;;;;;;;;;;;x
# LAND;;;;;;;;;;;;;;x
assault_engineer_brigade;Assault Engineers;Brigade d'Assaut Mot;Sturmpioniere;Saperzy Szturmowi;;;;;;;;;;x
assault_engineer_brigade_short;Aslt Eng;Brig.Ass.Mot;St.-Pio.-Rgt.;Sap.Szt.;;;;;;;;;;x
air_engineer_brigade;Airborne Engineers;Troupe Aéropor. Mot.;Fallschirm-Pioniere;In¿ynier Pow.-Desantowy;;;;;;;;;;x
air_engineer_brigade_short;Air Eng;Para.Mot.;Fallsch.-Pio.-Rgt.;In¿.Pow.-Des.;;;;;;;;;;x
amph_armour_brigade;Special Purpose Armor ;Amph. Armour Battalion;Amph. Panzer;Czo³g Amfibijny;;;;;;;;;;x
amph_armour_brigade_short;Sp-Arm;Amph.Arm.;Amph.-Pz.-Rgt.;Cz.Amfib.;;;;;;;;;;x
ski_brigade;Ski Infantry ;Troupe à Skis;Ski-Truppen;Narciarze;;;;;;;;;;x
ski_brigade_short;Ski Trp;Troupe à Skis;Ski-Jäg.-Rgt.;Narc.;;;;;;;;;;x
super_heavy_railway_artillery_brigade;Heavy Artillery(rail) ;Artill. Lrde s. rail;Eisenbahn Artillerie-Abteilung;Superciê¿ka Artyleria;;;;;;;;x
super_heavy_railway_artillery_brigade_short;S-H Art(rail);Artill.Lrde/rails;(Eisb.) Art.-Abt.;Superc. Art.;;;;;;;;x
commando_brigade;Commando ;Régiment Commando;Kommandoeinheit;Brygada Komandosów;;;;;;;;x
commando_brigade_short;SF;Commando;Kommando-Rgt.;Komandosi;;;;;;;;x
elite_infantry_brigade;Elite Infantry ;Infanterie d'Elite;Elite-Infanterie;Piechota Elitarna;;;;;;;;x
elite_infantry_brigade_short;E Inf;Inf.d'Elite;Elite-Inf.-Rgt.;Piech.Elit.;;;;;;;;x
medium_artillery_brigade;Medium Artillery ;Artillerie Motorisée;motorisierte Art.;Artyleria Zmotoryzowana;;;;;;;;;;x
medium_artillery_brigade_short;Med Arty;Art.Mot.;Art.-Rgt. (mot.);Mot.Art.;;;;;;;;;;x
heavy_anti_tank_brigade;Heavy AT;Anti-Chars Motorisés;motorisierte PaK;Zmot.Art.P.panc.;;;;;;;;;;x
heavy_anti_tank_brigade_short;Hv AT;Ant.Char.Mot.;PaK.-Abt. (mot.);Mot.Ppanc.;;;;;;;;;;x
heavy_anti_air_brigade;Heavy AA ;DCA Motorisée;motorisierte FlaK-Abteilung;Zmot.Art. P.lot.;;;;;;;;;;x
heavy_anti_air_brigade_short;Hv AA;DCA Mot.;FlaK.-Abt. (mot.);Mot.Plot.;;;;;;;;;;x
air_cavalry_brigade;Air Cavalry ;Cavalerie Aéroportée;Luftlande-Regiment;Kawaleria Powietrzna;;;;;;;;;;x
air_cavalry_brigade_short;Air Cav;Cav.Aéroport.;LL.-Rgt.;Kaw.Pow.;;;;;;;;;;x
armored_hq_train;Armored Train ;Train blindé;Panzerzug;Poci¹g Pancerny;;;;;;;;;;x
armored_hq_train_short;Arm Trn;Train blindé;Panzerzug;Poci¹g Panc.;;;;;;;;;;x
infantry_tank_brigade;Infantry Tank ;Char d'infanterie;Infanteriepanzer;Czo³g Piechoty;;;;;;;;;;x
infantry_tank_brigade_short;Inf Tk;Char d'Inf.;Inf.-Pz.-Rgt.;Czo³g Piech.;;;;;;;;;;x
medium_tank_destroyer_brigade;Medium TD ;Chasseur de Char moyen;Mittlerer Jagdpanzer;Œredni Niszcz. Czo³gów;;;;;;;;;;x
medium_tank_destroyer_brigade_short;Med TD;Med.CC;Pz.-Jäg.-Abt.;Œr.N.Cz.;;;;;;;;;;x
lend_lease_medium_tank_destroyer_brigade;Medium TD ;Chasseur de Char moyen;Mittlerer Jagdpanzer;Œredni Niszcz. Czo³gów;;;;;;;;;;x
lend_lease_medium_tank_destroyer_brigade_short;LL Med TD;Med.CC;Pz.-Jäg.-Abt.;Œr.N.Cz.;;;;;;;;;;x
heavy_tank_destroyer_brigade;Heavy TD ;Chass.de Char Lourd;Schwerer Jagdpanzer;Ciê¿ki Niszcz. Czo³gów;;;;;;;;;;x
heavy_tank_destroyer_brigade_short;Hvy TD;Chas.Char.Ld;(schw.)Pz.-Jäg.-Abt.;Ciê¿ki N.Cz.;;;;;;;;;;x
captured_armor_brigade;Foreign Armor ;;Beutepanzer-Regiment;Zdobyczne Wyposa¿enie;;;;;;;;;;x
captured_armor_brigade_short;Frgn Eqpt;;Beutepz.-Rgt.;Zdobyczne Wyp.;;;;;;;;;;x
sp_anti_air_brigade;Self Propelled AA ;Véhicule anti-aérien;Selbstangetriebene FlaK-Abteilung;Samobie¿na Art. P.lot.;;;;;;;;x
sp_anti_air_brigade_short;SP AA;DCA.Mot.;(Sfl.)FlaK.-Abt.;SP AA;;;;;;;;x
railway_artillery_brigade;Railway Artillery;Artillerie de Coast;Belagerungsartillerie-Abteilung;Artyleria Oblê¿nicza;;;;;;;;x
railway_artillery_brigade_short;Rail-Art;Art.Coast;Bel.-Art.-Abt.;Art.Obl.;;;;;;;;x
heavy_artillery_brigade;Heavy Artillery ;;Belagerungsartillerie-Abteilung;;;;;;;;;x
heavy_artillery_brigade_short;H-Art;Art.;Bel.-Art.-Abt.;;;;;;;;;x
assault_gun_brigade;Assault Gun ;Canon d'Assaut;Sturmgeschütz-Abteilung;Dzia³o Szturmowe;;;;;;;;x
assault_gun_brigade_short;Ass Gun;Canon.Ass.;StuG.-Abt.;Dz.Szt.;;;;;;;;x
GER_assault_gun_brigade;Assault Gun;Canon d'Assaut;Sturmgeschütz-Abteilung;Dzia³o Szturmowe;;;;;;;;x
GER_assault_gun_brigade_short;Ass Gun;Canon.Ass.;StuG.-Abt.;Dz.Szt.;;;;;;;;x
light_infantry_brigade;Light Infantry ;Infanterie Légère;Jägerregiment;Lekka Piechota;;;;;;;;;;x
light_infantry_brigade_short;Light Inf;Inf.Lég.;Jäg.-Rgt.;Lekka Piech.;;;;;;;;;;x
heavy_assault_gun_brigade;Heavy AG ;;schwere Sturmgeschütz-Abteilung;Ciê¿kie Dzia³o Szturmowe;;;;;;;;;;x
heavy_assault_gun_brigade_short;H AssG;;(schw.)StuG.-Abt.;C.Dzia³o Szt.;;;;;;;;;;x
people_army_brigade;People's Army;;Volksarmee;Armia Ludowa;;;;;;;;;;x
people_army_brigade_short;People's;;Volksarmee;Armia Lud.;;;;;;;;;;x
fallschirm_brigade;Heavy Paratroopers;;schwere Fallschirmjäger;Ciê¿cy Spadochroniarze;;;;;;;;;;x
fallschirm_brigade_short;Hvy Para;;schw.Fallschjg.;Ciê¿.Spad.;;;;;;;;;;x
urban_assault_gun_brigade;Urban Assault Gun;;Sturmmörser/-panzer;Miejskie Dzia³o Szturmowe;;;;;;;;;;x
urban_assault_gun_brigade_short;Urban AG;;StuPa;Miejskie Dz.Szt.;;;;;;;;;;x
inflatable_decoy_brigade;Inflatable Decoy;;;;;;;;;;;;;x
inflatable_decoy_brigade_short;Infl.;;;;;;;;;;;;;x
# NAVAL;;;;;;;;;;;;;;x
midget_submarine;Midget Submarine;Sous-Marin Nain;Kleinst-U-Boot;Miniaturowa µódŸ Podw.;;;;;;;;;;x
midget_submarine_short;M-Sub;Sous-Marin Nain;Kleinst-U-Boot;Min.OP;;;;;;;;;;x
coastal_battleship;Coastal Battleship;Cuirassé Costal;Küstenschlachtschiff;Przybrze¿ny Pancernik;;;;;;;;;;x
coastal_battleship_short;C BB;Cuir.Cost.;Küst.Schl.Schiff;Przybrz.Panc.;;;;;;;;;;x
line_ship;Converted Liner;Paquebot reconverti;Umgebauter Passagierdampfer;Zmodernizowany Liniowiec;;;;;;;;x
line_ship_short;C Liner;Paqueb.reconv.;Umgeb. Pass.Dampfer;Zmod.Lin.;;;;;;;;x
motor_torpedo_boat;Motor Torp. Boat;Vedet. Lance Torpil.;Schnellboot;Mot. µódŸ Torp.;;;;;;;;x
motor_torpedo_boat_short;MTB;Vedet.L.T.;S-Boot;MTB;;;;;;;;x
Convoy_raider_ship;Convoy Raider;Navires Corsaires;Hilfskreuzer;Niszczyciel Konwojów;;;;;;;;x
Convoy_raider_ship_short;Raider;Corsaires;HSK;Niszcz.Konw.;;;;;;;;x
new_escort_carrier;Light Escort Carrier;Pte-Av. Léger Escort;Geleitträger;Lekki Lotn. Eskort.;;;;;;;;x
new_escort_carrier_short;CVE;Pte-Av.Léger Escort;Gel.Trgr.;CVE;;;;;;;;x
battlecarrier;Battlecarrier;;Hybridträger;Lotniskowiec Pancerny;;;;;;;;;;x
battlecarrier_short;BB CV;;Hyb.Trgr.;Lotn.Panc.;;;;;;;;;;x
# AIR;;;;;;;;;;;;;;x
quad_engine_transport;Heavy Transport Plane;Transport Aérien Lrd;schw. Transportgeschwader;Ciê¿ki Sam. Transp.;;;;;;;;;;x
quad_engine_transport_short;Hvy Tra;Transp.Aéro.Lrd;s.TG;Ciê¿ki Sam.Tra.;;;;;;;;;;x
nav_cag;Carrier Naval Group;Groupe aéronaval;Träger Torpedobombergruppe;Bombowce pok³adowe;;;;;;;;x
nav_cag_short;Nav CAG;Grp.Aéronav.;Trgr. KGr.(Torp.);Bomb.CAG;;;;;;;;x
int_cag;Carrier Int. Group;Grp. aéronav Interc.;Träger Jagdgruppe;Myœliwce pok³adowe;;;;;;;;x
int_cag_short;Int CAG;PortAv.Intercep.;Trgr. JGr.;Prze.CAG;;;;;;;;x
dive_cag;Carrier CAS Group;Port.Av. A-S-Marins;Träger Stukagruppe;Nurkuj¹ce bombowce pok³.;;;;;;;;x
dive_cag_short;Dive CAG;Port.Av.ASM;Trgr. StGr.;Bomb.Nurk.CAG;;;;;;;;x
twin_engine_fighters;Twin Engine Fighter;Chasseur Bi-Moteurs;Zerstörergeschwader;Myœliwiec Dwusilnikowy;;;;;;;;x
twin_engine_fighters_short;Hvy Ftr;Chas.Bi-Mot.;ZG;Myœl.Dwusiln.;;;;;;;;x
night_fighters;Night Fighters;Chasseurs de Nuit;Nachtjägergeschwader;Nocny Myœliwiec;;;;;;;;x
night_fighters_short;Night Ftr;Chass.Nocturn.;NJG;Nocny Myœl.;;;;;;;;x
Flying_boat;Flying Boat;;Flugboot;Wodnosamolot;;;;;;;;;;x
Flying_boat_short;Flying Boat;;Flugboot;Wodnosamolot;;;;;;;;;;x
# Axis units;;;;;;;;;;;;;;x
# ITA;;;;;;;;;;;;;;x
camicie_nere_brigade;Camicie Nere;Chemises Noires;Camicie Nere;Camicie Nere;;;;;;;;x
camicie_nere_brigade_short;Cam Nere;Chemis.Noir.;Camicie Nere Regiment;Camic.Nere;;;;;;;;x
pack_artillery_brigade;Pack Artillery ;Artillerie Specialist;Speschsartillerie;Artyleria Alpejska;;;;;;;;x
pack_artillery_brigade_short;Pack Art;Art.Spec.;Geb.-Art.-Rgt.;Art.Alp.;;;;;;;;x
# NAT. SPAIN;;;;;;;;;;;;;;x
regulare_infantry_brigade;Regulares Inf.;Infanterie Régulière;Regulares Infanterie;Piechota Regulares;;;;;;;;x
regulare_infantry_brigade_short;Reg Inf;Inf.Reg.;Regulares Inf.-Rgt.;Piech.Reg.;;;;;;;;x
regulare_cavalry_brigade;Regulares Cav.;Cavalerie Régulière;Regulares Kavallerie;Kawaleria Regulares;;;;;;;;x
regulare_cavalry_brigade_short;Reg Cav;Cav.Reg.;Regulares Kav.-Rgt.;Kaw. Regulares;;;;;;;;x
# JAP;;;;;;;;;;;;;;x
kamikaze_brigade;Kamikaze;Kamikaze;Kamikaze;Kamikaze;;;;;;;;x
kamikaze_brigade_short;Kamikaze;Kamikaze;Kamikaze;Kamikaze;;;;;;;;x
i400_submarine;I400 Heavy Sub.;Ss-Marin Lourd I400;I-400 U-Boot;Ciê¿ki Okrêt Podw.I400;;;;;;;;x
i400_submarine_short;I400 Hvy Sub;Ss-Mar.Lrd.I400;I-400 U-Boot;C.OP I400;;;;;;;;x
# ROM;;;;;;;;;;;;;;x
Infanterie_de_garda_brigade;Infanterie de Garda;Infanterie de Garda;Infanterie de Garda;Infanterie de Garda;;;;;;;;;;x
Infanterie_de_garda_brigade_short;Inf Garda;Inf.Garda;Inf.Garda;Inf.de Garda;;;;;;;;;;x
# Allies units;;;;;;;;;;;;;;x
armored_engineers_brigade;Armoured Engineer ;;Panzer-Pioniere;In¿ynierowie Opancerzeni;;;;;;;;;;x
armored_engineers_brigade_short;Arm Eng;;Pz.-Pio;In¿.Opanc.;;;;;;;;;;x
motorized_engineer_brigade;Motorized Engineer ;;Motor-Pioniere;In¿ynierowie Opancerzeni;;;;;;;;;;x
motorized_engineer_brigade_short;Mot Eng;;Mot.-Pio;In¿.Opanc.;;;;;;;;;;x
airborne_artillery_brigade;Airborne Mixed Support;Glider Mixed Battery;Luftlande-Support;Szybowcowa Ppanc.;;;;;;;;;;x
airborne_artillery_brigade_short;Abn MixAbn.Mix.;LL.-Mix.-Rgt.;Szyb.Ppanc.;;;;;;;;;;x
glider_armor_brigade;Glider L-Armour;Glider L-Armour;Leichter Luftlande-Panzer;Szybowcowa Pancerna;;;;;;;;;;x
glider_armor_brigade_short;Air Arm;Air.Arm;(lt.)LL.-Pz.-Rgt.;Szyb.Panc;;;;;;;;;;x
landing_craft;Landing Craft;Barges;Landungboot;Barki desantowe;;;;;;;;;;x
landing_craft_short;LC;Bs;LB;BD;;;;;;;;;;x
Gurkha_brigade;Gurkha ;Gurkha;Gurkha-Infanterie;Gurkha;;;;;;;;x
Gurkha_brigade_short;GR;Gurkha;Gurkha-Inf.-Rgt.;Gurkha;;;;;;;;x
naval_infantry_brigade;Naval Infantry ;marine Brigade;marine;Brygada marine;;;;;;;;;;x
naval_infantry_brigade_short;N-Inf;marine;marine.-Rgt.;marine;;;;;;;;;;x
# Komintern units;;;;;;;;;;;;;;x
NKVD_brigade;NKVD ;Régiment du NKVD;NKWD Brigade;Brygada NKWD;;;;;;;;x
NKVD_brigade_short;NKVD;NKVD;NKWD;NKWD;;;;;;;;x
division_hq_NKVD;NKVD Division HQ;NKWD HQ;HQ NKWD;;;;;;;;x
division_hq_NKVD_short;NKVD HQ;NKWD HQ;HQ NKWD;;;;;;;;x
guard_infantry_brigade;Guard Infantry ;Inf. de la Garde;Garde Infanterie;Piechota Gwardyjska;;;;;;;;x
guard_infantry_brigade_short;Gds Inf;Inf.Gard.;Garde-Inf.-Rgt.;Piech.Gward.;;;;;;;;x
guard_motorized_brigade;Guard Motorized ;Garde Motorisée;motorisierte Garde-Infanterie;Gwardia Zmotoryzowana;;;;;;;;x
guard_motorized_brigade_short;Gds Mot;Gard.Mot.;(mot.)Garde-Inf.-Rgt.;Gward.Zmot.;;;;;;;;x
guard_motorized_infantry_bat;Guard Motorized Bn;;;;;;;;;;;x
guard_motorized_infantry_bat_short;Gds Mot Bn;;;;;;;;;;;x
guard_paratrooper_brigade;Guard Airborne ;;Garde-Fallschirmjäger;Gwardia Powietrzno-desantowa;;;;;;;;;;x
guard_paratrooper_brigade_short;Gds Air;;Gard.-Fallschjg.;Gw.Pow-des.;;;;;;;;;;x
guard_cavalry_brigade;Guard Cavalry ;;Garde-Kavallerie;Kawaleria Gwardyjska;;;;;;;;;;x
guard_cavalry_brigade_short;Gds Cav;;Gard.-Kav.;Kaw.Gw.;;;;;;;;;;x
guard_armor_brigade;Guard Armour ;Blindés de la Garde;Garde-Panzer;Gwardia Pancerna;;;;;;;;x
guard_armor_brigade_short;Gds Arm;Blindés.Gard.;Garde-Pz.-Rgt.;Gward.Panc.;;;;;;;;x
guard_armor_bat;Guard Armour Bn;;;;;;;;;;;x
guard_armor_bat_short;Gds Arm Bn;;;;;;;;;;;x
guard_hq_brigade;Guard HQ;;;;;;;;;;;x
guard_hq_brigade_short;Gds HQ;;;;;;;;;;;x
##### JET #################################;;;;;;;;;;;;;;x
rocket_interceptor_van;Rocket Interceptor;;Intercepteur fusée;Raketen-Abfangjäger;Interceptor de misiles;;;;;x;;
rocket_interceptor_van_short;Rct-Int;;Int. Fusée;Rak. AbfJg.;;;;;;x;;
rocket_interceptor;Jet Fighter;;Strahljäger;Myœliwiec Odrzutowy;;;;;;x;;
rocket_interceptor_short;Jet Ftr;;Strahljg.;Myœl.Odrz.;;;;;;x;;
jet_bomber;Jet Bomber;;Strahlbomber;Bombowiec Odrzutowy;;;;;;x;;
jet_bomber_short;Jet Bomb;;Strahlbomb.;Bomb.Odrz.;;;;;;x;;
jet_cas;Jet Close Air Support;;Strahljagdbomber;Odrzutowy Bomb. Nurkuj¹cy;;;;;;x;;
jet_cas_short;Jet CAS;;Strahljabo;Odrz.Nurk.;;;;;;x;;
he162;He-162 Volksjaeger;;He-162 Volksjäger;He-162 Volksjaeger;;;;;;x;;
he162_short;He-162;;He-162;He-162;;;;;;x;;
air_commando_brigade;Strike Commando ;Régiment Air Commando;Kommandoeinheit;Brygada Komandosów;;;;;;;;x
air_commando_brigade_short;St SF;Air Commando;Kommando-Rgt.;Komandosi;;;;;;;;x
semi_motorized_brigade;Infantry (Semi-Motorized);;;;;;;;;;;;;;x
semi_motorized_brigade_short;Inf (semi-mot);;;;;;;;;;;;;x
JAP_marine_brigade;SNLF;elite marine ;elite marine;Brygada elitemarine;;;;;;;;;;x
JAP_marine_brigade_short;SNLF;elite marine;elitemarine.-Rgt.;elitemarine;;;;;;;;;;x
Recon_cavalry_brigade;Recon Cavalry;;;;;;;;;;;;;x
Recon_cavalry_brigade_short;R-Cav;;;;;;;;;;;;;x
Aux_vessel;Auxiliary Ships;;;;;;;;;;;;;x
Aux_vessel_short;A-V;;;;;;;;;;;;;x
Aux_vessel_LR;Auxiliary Ships (Long Range);;;;;;;;;;;;;x
Aux_vessel_LR_short;A-V(LR);;;;;;;;;;;;;x
motorcycle_recon_brigade;Motorcycle Recon Attachment;;;;;;;;;;;;;x
motorcycle_recon_brigade_short;M-Recon;;;;;;;;;;;;;x
guard_heavy_armor_brigade;Guards Hv Armor;;;;;;;;;;;;;x
guard_heavy_armor_brigade_short;G-Harm;;;;;;;;;;;;;x
ss_heavy_armor_brigade;SS-Schwere Pz;;;;;;;;;;;;;x
ss_heavy_armor_brigade_short;SS-Sch.Pz;;;;;;;;;;;;;x
guard_mechanized_brigade;Guards Mechanized;;;;;;;;;;;;;x
guard_mechanized_brigade_short;Gd-Mech;;;;;;;;;;;;;x
guard_mechanized_infantry_bat;Guards Mechanized Bn;;;;;;;;;;;;;x
guard_mechanized_infantry_bat_short;Gd-Mech Bn;;;;;;;;;;;;;x
guard_sp_rct_artillery_brigade;Guards Katyusha;;;;;;;;;;;;;x
guard_sp_rct_artillery_brigade_short;Gd-Kat;;;;;;;;;;;;;x
leader_brigade;Political Leader;;;;;;;;;;;;;x
leader_brigade_short;Poli-Ldr;;;;;;;;;;;;;x
battle_commander_brigade;Battle Commander;;;;;;;;;;;;;x
battle_commander_brigade_short;Bat-CO;;;;;;;;;;;;;x
HQDEF_brigade;HQ Defense Attachment;;;;;;;;;;;;;x
HQDEF_brigade_short;HQ-DEF;;;;;;;;;;;;;x
elite_light_infantry_brigade;Specialised Light Infantry;;;;;;;;;;;;;x
elite_light_infantry_brigade_short;E-LINF;;;;;;;;;;;;;x
elite_light_infantry_battalion;Elite Light Infantry;;;;;;;;;;;;;x
elite_light_infantry_battalion_short;E-LINF-BN;;;;;;;;;;;;;x
airlanding_infantry_brigade;Airlanding Infantry;;;;;;;;;;;;;x
airlanding_infantry_brigade_short;AL-INF;;;;;;;;;;;;;x
gliders;Assault Gliders;;;;;;;;;;;;;x
gliders_short;Glider;;;;;;;;;;;;;;x
combined_arms_brigade;Combined Arms Group;;;;;;;;;;;;;;x
combined_arms_brigade_short;Com-AG;;;;;;;;;;;;;;x
airborne_combined_arms_brigade;Airborne Combined Arms Group;;;;;;;;;;;;;;x
airborne_combined_arms_brigade_short;Abn-Com-AG;;;;;;;;;;;;;;x
mechanized_infantry_bat;Mechanized Inf Btl.;;;;;;;;;;;;;;x
mechanized_infantry_bat_short;Mech-Btl.;;;;;;;;;;;;;;x
motorized_infantry_bat;Motorised Inf Btl.;;;;;;;;;;;;;;x
motorized_infantry_bat_short;Mot Inf-Btl;;;;;;;;;;;;;;x
armor_bat;Armor Btl.;;;;;;;;;;;;;;x
armor_bat_short;Arm-Btl.;;;;;;;;;;;;;;x
light_armor_bat;Light Armor Btl.;;;;;;;;;;;;;;x
light_armor_bat_short;Lt Arm-Btl.;;;;;;;;;;;;;;x
SOV_militia_brigade;Opolcheniye;;;;;;;;;;;;;x
SOV_militia_brigade_short;Opolchen;;;;;;;;;;;;;x
conscript_brigade;Conscript;;;;;;;;;;;;;x
conscript_brigade_short;Cspt;;;;;;;;;;;;;x
mot_hq_brigade;Motorized HQ;;;;;;;;;;;;;x
mot_hq_brigade_short;Mot-HQ;;;;;;;;;;;;;x
mech_hq_brigade;Mechanized HQ;;;;;;;;;;;;;x
mech_hq_brigade_short;Mech-HQ;;;;;;;;;;;;;x
marine_hq_brigade;Marine HQ;;;;;;;;;;;;;x
marine_hq_brigade_short;Marine-HQ;;;;;;;;;;;;;x
armor_hq_brigade;Armor HQ;;;;;;;;;;;;;x
armor_hq_brigade_short;Arm-HQ;;;;;;;;;;;;;x
mountain_infantry_hq_brigade_short;Mnt-HQ;;;;;;;;;;;;;x
mountain_infantry_hq_brigade;Mountain HQ;;;;;;;;;;;;;x
para_hq_brigade;Para HQ Brigade;;;;;;;;;;;;;x
para_hq_brigade_short;P-HQ;;;;;;;;;;;;;x
air_hq_brigade;Airforce HQ;;;;;;;;;;;;;x
air_hq_brigade_short;Air-HQ;;;;;;;;;;;;;x
naval_hq_brigade;Naval HQ;;;;;;;;;;;;;x
naval_hq_brigade_short;Nav-HQ;;;;;;;;;;;;;x
JAP_naval_HQ_brigade;Imperial Japanese Naval HQ;;;;;;;;;;;;;x
JAP_naval_HQ_brigade_short;IJN-HQ;;;;;;;;;;;;;x
mixed_support_brigade;Mixed-Support;;;;;;;;;;;;;x
mixed_support_brigade_short;Mx-Sup;;;;;;;;;;;;;x
motorized_support_brigade;Motorized-Support;;;;;;;;;;;;;x
motorized_support_brigade_short;Mot-Sup;;;;;;;;;;;;;x
armored_support_brigade;Armored-Support;;;;;;;;;;;;;x
armored_support_brigade_short;Arm-Sup;;;;;;;;;;;;;x
shock_hq_brigade;Shock Army HQ;;;;;;;;;;;;;x
shock_hq_brigade_short;ShA-HQ;;;;;;;;;;;;;x
guard_para_hq_brigade;Guards Airborne HQ;;;;;;;;;;;;;x
guard_para_hq_brigade_short;GAb_HQ;;;;;;;;;;;;;x
guard_mot_hq_brigade;Guards Mot Rifle HQ;;;;;;;;;;;;;x
guard_mot_hq_brigade_short;GMR-HQ;;;;;;;;;;;;;x
guard_mech_hq_brigade;Guards Mech HQ;;;;;;;;;;;;;x
guard_mech_hq_brigade_short;GM-HQ;;;;;;;;;;;;;x
guard_art_hq_brigade;Guards Artillery HQ;;;;;;;;;;;;;x
guard_art_hq_brigade_short;GA-HQ;;;;;;;;;;;;;x
guard_armor_hq_brigade;Guards Tank HQ;;;;;;;;;;;;;x
guard_armor_hq_brigade_short;GT-HQ;;;;;;;;;;;;;x
light_bomber;Light Bomber;;;;;;;;;;;;;x
light_bomber_short;Lt-Bomber;;;;;;;;;;;;;x
Communist_militia_brigade;Communist Militia;;;;;;;;;;;;;x
Communist_militia_brigade_short;Com-Mil;;;;;;;;;;;;;x
anzac_brigade;ANZAC Infantry;;;;;;;;;;;;;x
anzac_brigade_short;ANZAC;;;;;;;;;;;;;x
desertrats_brigade;Desert Rats Armor;;;;;;;;;;;;;x
desertrats_brigade_short;D-Rats;;;;;;;;;;;;;x
santa_clausewitz;Santa Clausewitz;;;;;;;;;;;;;x
santa_clausewitz_short;Santa Clausewitz;;;;;;;;;;;;;x
flying_dutchman;Flying Dutchman;;;;;;;;;;;;;x
flying_dutchman_short;Flying Dutchman;;;;;;;;;;;;;x
colonial_militia_brigade;Colonial Militia;;;;;;;;;;;;;x
colonial_militia_brigade_short;C-Mil;;;;;;;;;;;;;x
colonial_garrison_brigade;Colonial Garrison;;;;;;;;;;;;;x
colonial_garrison_brigade_short;C-Gar;;;;;;;;;;;;;x
colonial_cavalry_brigade;Colonial Cavalry;;;;;;;;;;;;;x
colonial_cavalry_brigade_short;C-Cav;;;;;;;;;;;;;x
colonial_bergsjaeger_brigade;Colonial Mountain Infantry;;;;;;;;;;;;;x
colonial_light_infantry_brigade;Colonial Light Infantry;;;;;;;;;;;;;x
colonial_infantry_brigade;Colonial Infantry;;;;;;;;;;;;;x
colonial_bergsjaeger_brigade_short;C-MtInf;;;;;;;;;;;;;x
colonial_light_infantry_brigade_short;C-LInf;;;;;;;;;;;;;x
colonial_infantry_brigade_short;C-Inf;;;;;;;;;;;;;x
garrison_detachment;Garrison Detachment;;;;;;;;;;;;;x
garrison_detachment_short;GarDet;;;;;;;;;;;;;x
tropical_island_garrison_brigade;Tropical Island Garrison Brigade;;;;;;;;;;;;;x
tropical_island_garrison_brigade_short;Trop Isl Gar;;;;;;;;;;;;;x
division_hq_standard;Division Headquarters;;;;;;;;;;;;;x
division_hq_standard_short;DivHQ;;;;;;;;;;;;;x
division_hq_veteran;Veteran Division Headquarters;;;;;;;;;;;;;x
division_hq_veteran_short;VDivHQ;;;;;;;;;;;;;x
division_hq_elite;Elite Division Headquarters;;;;;;;;;;;;;x
division_hq_elite_short;EDivHQ;;;;;;;;;;;;;x
division_hq_guard_standard;Guards Division Headquarters;;;;;;;;;;;;;x
division_hq_guard_standard_short;Gd DivHQ;;;;;;;;;;;;;x
division_hq_guard_veteran;Veteran Guards Division Headquarters;;;;;;;;;;;;;x
division_hq_guard_veteran_short;vGd DivHQ;;;;;;;;;;;;;x
division_hq_guard_elite;Elite Guards Division Headquarters;;;;;;;;;;;;;x
division_hq_guard_elite_short;eGd DivHQ;;;;;;;;;;;;;x
seaplane_tender;Seaplane Tender;;;;;;;;;;;;;x
seaplane_tender_short;AV;;;;;;;;;;;;;x
truck_transport;Truck transport;;;;;;;;;;;;;x
truck_transport_short;Truck;;;;;;;;;;;;;x
USA_truck_transport;US Truck transport;;;;;;;;;;;;;x
USA_truck_transport_short;US-Truck;;;;;;;;;;;;;x
GER_truck_transport;German Truck transport;;;;;;;;;;;;;x
GER_truck_transport_short;GER-Truck;;;;;;;;;;;;;x
ENG_truck_transport;British Truck transport;;;;;;;;;;;;;x
ENG_truck_transport_short;ENG-Truck;;;;;;;;;;;;;x
FRA_truck_transport;French Truck transport;;;;;;;;;;;;;x
FRA_truck_transport_short;FRA-Truck;;;;;;;;;;;;;x
civilian_truck_transport;Civilian transport;;;;;;;;;;;;;x
civilian_truck_transport_short;Civ-truck;;;;;;;;;;;;;x
light_transport;Light Vehicle;;;;;;;;;;;;;x
light_transport_short;Lt-Truck;;;;;;;;;;;;;x
GER_light_transport;German Lt-Vehicle;;;;;;;;;;;;;x
GER_light_transport_short;GER-Lt-Truck;;;;;;;;;;;;;x
USA_light_transport;US Lt-Vehicle;;;;;;;;;;;;;x
USA_light_transport_short;US-Lt-Truck;;;;;;;;;;;;;x
ITA_light_transport;Italian Lt-Vehicle;;;;;;;;;;;;;x
ITA_light_transport_short;ITA-Lt-Truck;;;;;;;;;;;;;x
horse_transport;Horse Transport;;;;;;;;;;;;;x
horse_transport_short;Wagon;;;;;;;;;;;;;x
camel_transport;Camel Train;;;;;;;;;;;;;x
camel_transport_short;Camels;;;;;;;;;;;;;x
SOV_horse_transport;Steppe Horse Transport;;;;;;;;;;;;;x
SOV_horse_transport_short;S-Wagon;;;;;;;;;;;;;x
hftrack_transport;Hf-Track Transport;;;;;;;;;;;;;x
hftrack_transport_short;Hf-Track;;;;;;;;;;;;;x
GER_hftrack_transport;German Hf-Track Transport;;;;;;;;;;;;;x
GER_hftrack_transport_short;GER-Hf-Track;;;;;;;;;;;;;x
FRA_hftrack_transport;French Hf-Track Transport;;;;;;;;;;;;;x
FRA_hftrack_transport_short;FRA-Hf-Track;;;;;;;;;;;;;x
air_command_fighter_group;Fighter Group HQ;;;;;;;;;;;;;x
air_command_fighter_group_short;FG HQ;;;;;;;;;;;;;x
air_command_fighter_group_heavy;Heavy Fighter Group HQ;;;;;;;;;;;;;x
air_command_fighter_group_heavy_short;HFG HQ;;;;;;;;;;;;;x
air_command_fighter_group_night;Night Fighter Group HQ;;;;;;;;;;;;;x
air_command_fighter_group_night_short;NFG HQ;;;;;;;;;;;;;x
air_command_transport_group;Transport Group HQ;;;;;;;;;;;;;x
air_command_transport_group_short;TG HQ;;;;;;;;;;;;;x
air_command_transport_group_heavy;Transport Group (H) HQ;;;;;;;;;;;;;x
air_command_transport_group_heavy_short;TG-H HQ;;;;;;;;;;;;;x
air_command_bomber_light;Bomber Group(L) HQ;;;;;;;;;;;;;x
air_command_bomber_light_short;BG-L HQ;;;;;;;;;;;;;x
air_command_bomber_medium;Bomber Group(M) HQ;;;;;;;;;;;;;x
air_command_bomber_medium_short;BG-M HQ;;;;;;;;;;;;;x
air_command_bomber_heavy;Bomber Group(H) HQ;;;;;;;;;;;;;x
air_command_bomber_heavy_short;BG-H HQ;;;;;;;;;;;;;x
air_command_bomber_naval;Bomber Group(N) HQ;;;;;;;;;;;;;x
air_command_bomber_naval_short;BG-N HQ;;;;;;;;;;;;;x
air_command_fighter_group_buildable;Fighter Group HQ;;;;;;;;;;;;;x
air_command_fighter_group_buildable_short;FG HQ;;;;;;;;;;;;;x
air_command_fighter_group_heavy_buildable;Heavy Fighter Group HQ;;;;;;;;;;;;;x
air_command_fighter_group_heavy_buildable_short;HFG HQ;;;;;;;;;;;;;x
air_command_fighter_group_night_buildable;Night Fighter Group HQ;;;;;;;;;;;;;x
air_command_fighter_group_night_buildable_short;NFG HQ;;;;;;;;;;;;;x
air_command_transport_group_buildable;Transport Group HQ;;;;;;;;;;;;;x
air_command_transport_group_buildable_short;TG HQ;;;;;;;;;;;;;x
air_command_transport_group_heavy_buildable;Transport Group (H) HQ;;;;;;;;;;;;;x
air_command_transport_group_heavy_buildable_short;TG-H HQ;;;;;;;;;;;;;x
air_command_bomber_light_buildable;Bomber Group(L) HQ;;;;;;;;;;;;;x
air_command_bomber_light_buildable_short;BG-L HQ;;;;;;;;;;;;;x
air_command_bomber_medium_buildable;Bomber Group(M) HQ;;;;;;;;;;;;;x
air_command_bomber_medium_buildable_short;BG-M HQ;;;;;;;;;;;;;x
air_command_bomber_heavy_buildable;Bomber Group(H) HQ;;;;;;;;;;;;;x
air_command_bomber_heavy_buildable_short;BG-H HQ;;;;;;;;;;;;;x
air_command_bomber_naval_buildable;Bomber Group(N) HQ;;;;;;;;;;;;;x
air_command_bomber_naval_buildable_short;BG-N HQ;;;;;;;;;;;;;x
toshio_ota;Toshio Ota;;;;;;;;;;;;;x
tetsuzo_iwamoto;Tetsuzo Iwamoto;;;;;;;;;;;;;x
takeo_okumura;Takeo Okumura;;;;;;;;;;;;;x
hiro_shinohara;Hiro Shinohara;;;;;;;;;;;;;x
hiro_nishizawa;Hiro Nishizawa;;;;;;;;;;;;;x
teresio_martinoli;Teresio Martinoli;;;;;;;;;;;;;x
luigi_gorrini;Luigi Gorrini;;;;;;;;;;;;;x
leonardo_ferrulli;Leo Ferrulli;;;;;;;;;;;;;x
franco_lucchini;Franco Lucchini;;;;;;;;;;;;;x
franco_bordoni;Franco Bordoni;;;;;;;;;;;;;x
erich_hartmann;Erich Hartmann;;;;;;;;;;;;;x
gerhard_barkhorn;Gerhard Barkhorn;;;;;;;;;;;;;x
gunther_rall;Gunther Rall;;;;;;;;;;;;;x
otto_kittel;Otto Kittel;;;;;;;;;;;;;x
wilhelm_batz;Wilhelm Batz;;;;;;;;;;;;;x
erich_rudorffer;Erich Rudorffer;;;;;;;;;;;;;x
ivan_kozhedub;Ivan Kozhedub;;;;;;;;;;;;;x
lev_shestakov;Lev Shestakov;;;;;;;;;;;;;x
aleksandr_pokryshkin;Aleksandr Pokryshkin;;;;;;;;;;;;;x
grigoriy_rechkalov;Grigoriy Rechkalov;;;;;;;;;;;;;x
nikolay_gulayev;Nikolay Gulayev;;;;;;;;;;;;;x
kirill_yevstigneyev;Kirill Yevstigneyev;;;;;;;;;;;;;x
richard_bong;Richard Bong;;;;;;;;;;;;;x
thomas_mcguire;Thomas McGuire;;;;;;;;;;;;;x
francis_gabreski;Francis Gabreski;;;;;;;;;;;;;x
bob_braham;Bob Braham;;;;;;;;;;;;;x
robert_tuck;Robert Tuck;;;;;;;;;;;;;x
james_lacey;James Lacey;;;;;;;;;;;;;x
nevile_duke;Nevile Duke;;;;;;;;;;;;;x
james_johnson;James Johnson;;;;;;;;;;;;;x
william_vale;William Vale;;;;;;;;;;;;;x
david_mccampbell;David McCampbell;;;;;;;;;;;;;x
gregory_boyington;Gregory Boyington;;;;;;;;;;;;;x
toshio_ota_jet;Toshio Ota;;;;;;;;;;;;;x
tetsuzo_iwamoto_jet;Tetsuzo Iwamoto;;;;;;;;;;;;;x
takeo_okumura_jet;Takeo Okumura;;;;;;;;;;;;;x
hiro_shinohara_jet;Hiro Shinohara;;;;;;;;;;;;;x
hiro_nishizawa_jet;Hiro Nishizawa;;;;;;;;;;;;;x
teresio_martinoli_jet;Teresio Martinoli;;;;;;;;;;;;;x
luigi_gorrini_jet;Luigi Gorrini;;;;;;;;;;;;;x
leonardo_ferrulli_jet;Leo Ferrulli;;;;;;;;;;;;;x
franco_lucchini_jet;Franco Lucchini;;;;;;;;;;;;;x
franco_bordoni_jet;Franco Bordoni;;;;;;;;;;;;;x
erich_hartmann_jet;Erich Hartmann;;;;;;;;;;;;;x
gerhard_barkhorn_jet;Gerhard Barkhorn;;;;;;;;;;;;;x
gunther_rall_jet;Gunther Rall;;;;;;;;;;;;;x
otto_kittel_jet;Otto Kittel;;;;;;;;;;;;;x
wilhelm_batz_jet;Wilhelm Batz;;;;;;;;;;;;;x
erich_rudorffer_jet;Erich Rudorffer;;;;;;;;;;;;;x
ivan_kozhedub_jet;Ivan Kozhedub;;;;;;;;;;;;;x
lev_shestakov_jet;Lev Shestakov;;;;;;;;;;;;;x
aleksandr_pokryshkin_jet;Aleksandr Pokryshkin;;;;;;;;;;;;;x
grigoriy_rechkalov_jet;Grigoriy Rechkalov;;;;;;;;;;;;;x
nikolay_gulayev_jet;Nikolay Gulayev;;;;;;;;;;;;;x
kirill_yevstigneyev_jet;Kirill Yevstigneyev;;;;;;;;;;;;;x
richard_bong_jet;Richard Bong;;;;;;;;;;;;;x
thomas_mcguire_jet;Thomas McGuire;;;;;;;;;;;;;x
francis_gabreski_jet;Francis Gabreski;;;;;;;;;;;;;x
bob_braham_jet;Bob Braham;;;;;;;;;;;;;x
robert_tuck_jet;Robert Tuck;;;;;;;;;;;;;x
james_lacey_jet;James Lacey;;;;;;;;;;;;;x
nevile_duke_jet;Nevile Duke;;;;;;;;;;;;;x
james_johnson_jet;James Johnson;;;;;;;;;;;;;x
william_vale_jet;William Vale;;;;;;;;;;;;;x
david_mccampbell_jet;David McCampbell;;;;;;;;;;;;;x
gregory_boyington_jet;Gregory Boyington;;;;;;;;;;;;;x
eng_eigth_armoured_brigade_group;8th Armoured Brigade;;;;;;;;;;;;;x
eng_fourth_armoured_brigade_group;4th Armoured Brigade;;;;;;;;;;;;;x
eng_seventh_armoured_brigade_group;7th Armoured Brigade;;;;;;;;;;;;;x
eng_ninth_armoured_brigade_group;9th Armoured Brigade;;;;;;;;;;;;;x
eng_23rd_armoured_brigade_group;23rd Armoured Brigade;;;;;;;;;;;;;x
BB_Jean_Bart;Jean Bart(BB);;;;;;;;;;;;;x
BB_Richelieu;Richelieu (BB);;;;;;;;;;;;;x
eng_czechoslovak_armoured_brigade_group;1st Czechoslovak Armoured Brigade;;;;;;;;;;;;;x
eng_eleventh_east_africa_id;11th (East Africa) Division;;;;;;;;;;;;;x
eng_fiftieth_indian_armoured_brigade;50th Indian Tank Brigade;;;;;;;;;;;;;x
eng_fortyfourth_id;44th (Home Counties) Division;;;;;;;;;;;;;x
eng_seventyninth_armoured;79th Armoured Division;;;;;;;;;;;;;x
eng_twentythird_armoured_brigade_group;23rd Armoured Brigadea;;;;;;;;;;;;;x
eng_twohundredfiftyfifth_indian_armoured_brigade;255th Indian Tank Brigade;;;;;;;;;;;;;x
eng_twohundredfiftyfourth_indian_armoured_brigade;254th Indian Tank Brigade;;;;;;;;;;;;;x
eng_twohundredfiftysecond_indian_armoured_brigade;252nd Indian Tank Brigade;;;;;;;;;;;;;x
Guards_brigade;Guards Brigade;;;;;;;;;;;;;x
Imperial_brigade;Imperial Brigade;;;;;;;;;;;;;x
jap_battle_commander_hata;Shunroku Hata;;;;;;;;;;;;;x
jap_battle_commander_homma;Masaharu Homma;;;;;;;;;;;;;x
jap_battle_commander_kotohito;Hirohito;;;;;;;;;;;;;x
jap_battle_commander_kuribayashi;Tadamichi Kuribayashi;;;;;;;;;;;;;x
jap_battle_commander_matsui;Iwane Matsui;;;;;;;;;;;;;x
jap_battle_commander_sugiyama;Hajime Sugiyama;;;;;;;;;;;;;x
jap_battle_commander_terauchi;Hisaichi Terauchi;;;;;;;;;;;;;x
jap_battle_commander_yamashita;Tomoyuki Yamashita;;;;;;;;;;;;;x
lend_lease_armor_bat;Lend Lease Armor Btl.;;;;;;;;;;;;;;x
lend_lease_armor_bat_short;LL Arm-Btl.;;;;;;;;;;;;;;x
lend_lease_armor_brigade;Lend Lease Armor;;;;;;;;;;;;;;x
lend_lease_armor_brigade_short;LL Arm;;;;;;;;;;;;;;x
#EOF;;;;;;;;;;;;;;x